<?xml version="1.0" standalone="yes" ?>
<DBMODEL Version="4.0">
<SETTINGS>
<GLOBALSETTINGS ModelName="universidad" IDModel="0" IDVersion="0" VersionStr="1.0.0.0" Comments="" UseVersionHistroy="1" AutoIncVersion="1" DatabaseType="MySQL" ZoomFac="78.00" XPos="701" YPos="121" DefaultDataType="5" DefaultTablePrefix="0" DefSaveDBConn="" DefSyncDBConn="" DefQueryDBConn="" Printer="" HPageCount="4.0" PageAspectRatio="1.440892512336408" PageOrientation="1" PageFormat="A4 (210x297 mm, 8.26x11.7 inches)" SelectedPages="" UsePositionGrid="0" PositionGridX="20" PositionGridY="20" TableNameInRefs="1" DefaultTableType="0" ActivateRefDefForNewRelations="1" FKPrefix="" FKPostfix="" CreateFKRefDefIndex="0" DBQuoteCharacter="`" CreateSQLforLinkedObjects="0" DefModelFont="Nimbus Sans L" CanvasWidth="4096" CanvasHeight="2842" />
<DATATYPEGROUPS>
<DATATYPEGROUP Name="Numeric Types" Icon="1" />
<DATATYPEGROUP Name="Date and Time Types" Icon="2" />
<DATATYPEGROUP Name="String Types" Icon="3" />
<DATATYPEGROUP Name="Blob and Text Types" Icon="4" />
<DATATYPEGROUP Name="User defined Types" Icon="5" />
<DATATYPEGROUP Name="Geographic Types" Icon="6" />
</DATATYPEGROUPS>
<DATATYPES>
<DATATYPE ID="1" IDGroup="0" TypeName="TINYINT" Description="A very small integer. The signed range is -128 to 127. The unsigned range is 0 to 255." ParamCount="1" OptionCount="2" ParamRequired="0" EditParamsAsString="0" SynonymGroup="0" PhysicalMapping="0" PhysicalTypeName="" >
<PARAMS>
<PARAM Name="length" />
</PARAMS>
<OPTIONS>
<OPTION Name="UNSIGNED" Default="1" />
<OPTION Name="ZEROFILL" Default="0" />
</OPTIONS>
</DATATYPE>
<DATATYPE ID="2" IDGroup="0" TypeName="SMALLINT" Description="A small integer. The signed range is -32768 to 32767. The unsigned range is 0 to 65535." ParamCount="1" OptionCount="2" ParamRequired="0" EditParamsAsString="0" SynonymGroup="0" PhysicalMapping="0" PhysicalTypeName="" >
<PARAMS>
<PARAM Name="length" />
</PARAMS>
<OPTIONS>
<OPTION Name="UNSIGNED" Default="1" />
<OPTION Name="ZEROFILL" Default="0" />
</OPTIONS>
</DATATYPE>
<DATATYPE ID="3" IDGroup="0" TypeName="MEDIUMINT" Description="A medium-size integer. The signed range is -8388608 to 8388607. The unsigned range is 0 to 16777215." ParamCount="1" OptionCount="2" ParamRequired="0" EditParamsAsString="0" SynonymGroup="0" PhysicalMapping="0" PhysicalTypeName="" >
<PARAMS>
<PARAM Name="length" />
</PARAMS>
<OPTIONS>
<OPTION Name="UNSIGNED" Default="1" />
<OPTION Name="ZEROFILL" Default="0" />
</OPTIONS>
</DATATYPE>
<DATATYPE ID="4" IDGroup="0" TypeName="INT" Description="A normal-size integer. The signed range is -2147483648 to 2147483647. The unsigned range is 0 to 4294967295." ParamCount="1" OptionCount="2" ParamRequired="0" EditParamsAsString="0" SynonymGroup="1" PhysicalMapping="0" PhysicalTypeName="" >
<PARAMS>
<PARAM Name="length" />
</PARAMS>
<OPTIONS>
<OPTION Name="UNSIGNED" Default="0" />
<OPTION Name="ZEROFILL" Default="0" />
</OPTIONS>
</DATATYPE>
<DATATYPE ID="5" IDGroup="0" TypeName="INTEGER" Description="A normal-size integer. The signed range is -2147483648 to 2147483647. The unsigned range is 0 to 4294967295." ParamCount="1" OptionCount="2" ParamRequired="0" EditParamsAsString="0" SynonymGroup="1" PhysicalMapping="0" PhysicalTypeName="" >
<PARAMS>
<PARAM Name="length" />
</PARAMS>
<OPTIONS>
<OPTION Name="UNSIGNED" Default="1" />
<OPTION Name="ZEROFILL" Default="0" />
</OPTIONS>
</DATATYPE>
<DATATYPE ID="6" IDGroup="0" TypeName="BIGINT" Description="A large integer. The signed range is -9223372036854775808 to 9223372036854775807. The unsigned range is 0 to 18446744073709551615." ParamCount="1" OptionCount="2" ParamRequired="0" EditParamsAsString="0" SynonymGroup="0" PhysicalMapping="0" PhysicalTypeName="" >
<PARAMS>
<PARAM Name="length" />
</PARAMS>
<OPTIONS>
<OPTION Name="UNSIGNED" Default="0" />
<OPTION Name="ZEROFILL" Default="0" />
</OPTIONS>
</DATATYPE>
<DATATYPE ID="7" IDGroup="0" TypeName="FLOAT" Description="A small (single-precision) floating-point number. Cannot be unsigned. Allowable values are -3.402823466E+38 to -1.175494351E-38, 0, and 1.175494351E-38 to 3.402823466E+38." ParamCount="1" OptionCount="1" ParamRequired="1" EditParamsAsString="0" SynonymGroup="0" PhysicalMapping="0" PhysicalTypeName="" >
<PARAMS>
<PARAM Name="precision" />
</PARAMS>
<OPTIONS>
<OPTION Name="ZEROFILL" Default="0" />
</OPTIONS>
</DATATYPE>
<DATATYPE ID="8" IDGroup="0" TypeName="FLOAT" Description="A small (single-precision) floating-point number. Cannot be unsigned. Allowable values are -3.402823466E+38 to -1.175494351E-38, 0, and 1.175494351E-38 to 3.402823466E+38." ParamCount="2" OptionCount="1" ParamRequired="0" EditParamsAsString="0" SynonymGroup="0" PhysicalMapping="0" PhysicalTypeName="" >
<PARAMS>
<PARAM Name="length" />
<PARAM Name="decimals" />
</PARAMS>
<OPTIONS>
<OPTION Name="ZEROFILL" Default="0" />
</OPTIONS>
</DATATYPE>
<DATATYPE ID="9" IDGroup="0" TypeName="DOUBLE" Description="A normal-size (double-precision) floating-point number. Cannot be unsigned. Allowable values are -1.7976931348623157E+308 to -2.2250738585072014E-308, 0, and 2.2250738585072014E-308 to 1.7976931348623157E+308." ParamCount="2" OptionCount="1" ParamRequired="0" EditParamsAsString="0" SynonymGroup="2" PhysicalMapping="0" PhysicalTypeName="" >
<PARAMS>
<PARAM Name="length" />
<PARAM Name="decimals" />
</PARAMS>
<OPTIONS>
<OPTION Name="ZEROFILL" Default="0" />
</OPTIONS>
</DATATYPE>
<DATATYPE ID="10" IDGroup="0" TypeName="DOUBLE PRECISION" Description="This is a synonym for DOUBLE." ParamCount="2" OptionCount="1" ParamRequired="0" EditParamsAsString="0" SynonymGroup="2" PhysicalMapping="0" PhysicalTypeName="" >
<PARAMS>
<PARAM Name="length" />
<PARAM Name="decimals" />
</PARAMS>
<OPTIONS>
<OPTION Name="ZEROFILL" Default="0" />
</OPTIONS>
</DATATYPE>
<DATATYPE ID="11" IDGroup="0" TypeName="REAL" Description="This is a synonym for DOUBLE." ParamCount="2" OptionCount="1" ParamRequired="0" EditParamsAsString="0" SynonymGroup="2" PhysicalMapping="0" PhysicalTypeName="" >
<PARAMS>
<PARAM Name="length" />
<PARAM Name="decimals" />
</PARAMS>
<OPTIONS>
<OPTION Name="ZEROFILL" Default="0" />
</OPTIONS>
</DATATYPE>
<DATATYPE ID="12" IDGroup="0" TypeName="DECIMAL" Description="An unpacked floating-point number. Cannot be unsigned. Behaves like a CHAR column." ParamCount="2" OptionCount="1" ParamRequired="0" EditParamsAsString="0" SynonymGroup="3" PhysicalMapping="0" PhysicalTypeName="" >
<PARAMS>
<PARAM Name="length" />
<PARAM Name="decimals" />
</PARAMS>
<OPTIONS>
<OPTION Name="ZEROFILL" Default="0" />
</OPTIONS>
</DATATYPE>
<DATATYPE ID="13" IDGroup="0" TypeName="NUMERIC" Description="This is a synonym for DECIMAL." ParamCount="2" OptionCount="1" ParamRequired="1" EditParamsAsString="0" SynonymGroup="3" PhysicalMapping="0" PhysicalTypeName="" >
<PARAMS>
<PARAM Name="length" />
<PARAM Name="decimals" />
</PARAMS>
<OPTIONS>
<OPTION Name="ZEROFILL" Default="0" />
</OPTIONS>
</DATATYPE>
<DATATYPE ID="14" IDGroup="1" TypeName="DATE" Description="A date. The supported range is \a1000-01-01\a to \a9999-12-31\a." ParamCount="0" OptionCount="0" ParamRequired="0" EditParamsAsString="0" SynonymGroup="0" PhysicalMapping="0" PhysicalTypeName="" >
</DATATYPE>
<DATATYPE ID="15" IDGroup="1" TypeName="DATETIME" Description="A date and time combination. The supported range is \a1000-01-01 00:00:00\a to \a9999-12-31 23:59:59\a." ParamCount="0" OptionCount="0" ParamRequired="0" EditParamsAsString="0" SynonymGroup="0" PhysicalMapping="0" PhysicalTypeName="" >
</DATATYPE>
<DATATYPE ID="16" IDGroup="1" TypeName="TIMESTAMP" Description="A timestamp. The range is \a1970-01-01 00:00:00\a to sometime in the year 2037. The length can be 14 (or missing), 12, 10, 8, 6, 4, or 2 representing YYYYMMDDHHMMSS, ... , YYYYMMDD, ... , YY formats." ParamCount="1" OptionCount="0" ParamRequired="0" EditParamsAsString="0" SynonymGroup="0" PhysicalMapping="0" PhysicalTypeName="" >
<PARAMS>
<PARAM Name="length" />
</PARAMS>
</DATATYPE>
<DATATYPE ID="17" IDGroup="1" TypeName="TIME" Description="A time. The range is \a-838:59:59\a to \a838:59:59\a." ParamCount="0" OptionCount="0" ParamRequired="0" EditParamsAsString="0" SynonymGroup="0" PhysicalMapping="0" PhysicalTypeName="" >
</DATATYPE>
<DATATYPE ID="18" IDGroup="1" TypeName="YEAR" Description="A year in 2- or 4-digit format (default is 4-digit)." ParamCount="1" OptionCount="0" ParamRequired="0" EditParamsAsString="0" SynonymGroup="0" PhysicalMapping="0" PhysicalTypeName="" >
<PARAMS>
<PARAM Name="length" />
</PARAMS>
</DATATYPE>
<DATATYPE ID="19" IDGroup="2" TypeName="CHAR" Description="A fixed-length string (1 to 255 characters) that is always right-padded with spaces to the specified length when stored. values are sorted and compared in case-insensitive fashion according to the default character set unless the BINARY keyword is given." ParamCount="1" OptionCount="1" ParamRequired="1" EditParamsAsString="0" SynonymGroup="0" PhysicalMapping="0" PhysicalTypeName="" >
<PARAMS>
<PARAM Name="length" />
</PARAMS>
<OPTIONS>
<OPTION Name="BINARY" Default="0" />
</OPTIONS>
</DATATYPE>
<DATATYPE ID="20" IDGroup="2" TypeName="VARCHAR" Description="A variable-length string (1 to 255 characters). Values are sorted and compared in case-sensitive fashion unless the BINARY keyword is given." ParamCount="1" OptionCount="1" ParamRequired="1" EditParamsAsString="0" SynonymGroup="0" PhysicalMapping="0" PhysicalTypeName="" >
<PARAMS>
<PARAM Name="length" />
</PARAMS>
<OPTIONS>
<OPTION Name="BINARY" Default="0" />
</OPTIONS>
</DATATYPE>
<DATATYPE ID="21" IDGroup="2" TypeName="BIT" Description="This is a synonym for CHAR(1)." ParamCount="0" OptionCount="0" ParamRequired="0" EditParamsAsString="0" SynonymGroup="0" PhysicalMapping="0" PhysicalTypeName="" >
</DATATYPE>
<DATATYPE ID="22" IDGroup="2" TypeName="BOOL" Description="This is a synonym for CHAR(1)." ParamCount="0" OptionCount="0" ParamRequired="0" EditParamsAsString="0" SynonymGroup="0" PhysicalMapping="0" PhysicalTypeName="" >
</DATATYPE>
<DATATYPE ID="23" IDGroup="3" TypeName="TINYBLOB" Description="A column maximum length of 255 (2^8 - 1) characters. Values are sorted and compared in case-sensitive fashion." ParamCount="0" OptionCount="0" ParamRequired="0" EditParamsAsString="0" SynonymGroup="0" PhysicalMapping="0" PhysicalTypeName="" >
</DATATYPE>
<DATATYPE ID="24" IDGroup="3" TypeName="BLOB" Description="A column maximum length of 65535 (2^16 - 1) characters. Values are sorted and compared in case-sensitive fashion." ParamCount="0" OptionCount="0" ParamRequired="0" EditParamsAsString="0" SynonymGroup="0" PhysicalMapping="0" PhysicalTypeName="" >
</DATATYPE>
<DATATYPE ID="25" IDGroup="3" TypeName="MEDIUMBLOB" Description="A column maximum length of 16777215 (2^24 - 1) characters. Values are sorted and compared in case-sensitive fashion." ParamCount="0" OptionCount="0" ParamRequired="0" EditParamsAsString="0" SynonymGroup="0" PhysicalMapping="0" PhysicalTypeName="" >
</DATATYPE>
<DATATYPE ID="26" IDGroup="3" TypeName="LONGBLOB" Description="A column maximum length of 4294967295 (2^32 - 1) characters. Values are sorted and compared in case-sensitive fashion." ParamCount="0" OptionCount="0" ParamRequired="0" EditParamsAsString="0" SynonymGroup="0" PhysicalMapping="0" PhysicalTypeName="" >
</DATATYPE>
<DATATYPE ID="27" IDGroup="3" TypeName="TINYTEXT" Description="A column maximum length of 255 (2^8 - 1) characters." ParamCount="0" OptionCount="0" ParamRequired="0" EditParamsAsString="0" SynonymGroup="0" PhysicalMapping="0" PhysicalTypeName="" >
</DATATYPE>
<DATATYPE ID="28" IDGroup="3" TypeName="TEXT" Description="A column maximum length of 65535 (2^16 - 1) characters." ParamCount="0" OptionCount="0" ParamRequired="0" EditParamsAsString="0" SynonymGroup="0" PhysicalMapping="0" PhysicalTypeName="" >
</DATATYPE>
<DATATYPE ID="29" IDGroup="3" TypeName="MEDIUMTEXT" Description="A column maximum length of 16777215 (2^24 - 1) characters." ParamCount="0" OptionCount="0" ParamRequired="0" EditParamsAsString="0" SynonymGroup="0" PhysicalMapping="0" PhysicalTypeName="" >
</DATATYPE>
<DATATYPE ID="30" IDGroup="3" TypeName="LONGTEXT" Description="A column maximum length of 4294967295 (2^32 - 1) characters." ParamCount="0" OptionCount="0" ParamRequired="0" EditParamsAsString="0" SynonymGroup="0" PhysicalMapping="0" PhysicalTypeName="" >
</DATATYPE>
<DATATYPE ID="31" IDGroup="3" TypeName="ENUM" Description="An enumeration. A string object that can have only one value, chosen from the list of values." ParamCount="1" OptionCount="0" ParamRequired="1" EditParamsAsString="1" SynonymGroup="0" PhysicalMapping="0" PhysicalTypeName="" >
<PARAMS>
<PARAM Name="values" />
</PARAMS>
</DATATYPE>
<DATATYPE ID="32" IDGroup="3" TypeName="SET" Description="A set. A string object that can have zero or more values, each of which must be chosen from the list of values." ParamCount="1" OptionCount="0" ParamRequired="1" EditParamsAsString="1" SynonymGroup="0" PhysicalMapping="0" PhysicalTypeName="" >
<PARAMS>
<PARAM Name="values" />
</PARAMS>
</DATATYPE>
<DATATYPE ID="33" IDGroup="4" TypeName="Varchar(20)" Description="" ParamCount="0" OptionCount="1" ParamRequired="0" EditParamsAsString="0" SynonymGroup="0" PhysicalMapping="0" PhysicalTypeName="" >
<OPTIONS>
<OPTION Name="BINARY" Default="0" />
</OPTIONS>
</DATATYPE>
<DATATYPE ID="34" IDGroup="4" TypeName="Varchar(45)" Description="" ParamCount="0" OptionCount="1" ParamRequired="0" EditParamsAsString="0" SynonymGroup="0" PhysicalMapping="0" PhysicalTypeName="" >
<OPTIONS>
<OPTION Name="BINARY" Default="0" />
</OPTIONS>
</DATATYPE>
<DATATYPE ID="35" IDGroup="4" TypeName="Varchar(255)" Description="" ParamCount="0" OptionCount="1" ParamRequired="0" EditParamsAsString="0" SynonymGroup="0" PhysicalMapping="0" PhysicalTypeName="" >
<OPTIONS>
<OPTION Name="BINARY" Default="0" />
</OPTIONS>
</DATATYPE>
<DATATYPE ID="36" IDGroup="5" TypeName="GEOMETRY" Description="Geographic Datatype" ParamCount="0" OptionCount="0" ParamRequired="0" EditParamsAsString="0" SynonymGroup="0" PhysicalMapping="0" PhysicalTypeName="" >
</DATATYPE>
<DATATYPE ID="38" IDGroup="5" TypeName="LINESTRING" Description="Geographic Datatype" ParamCount="0" OptionCount="0" ParamRequired="0" EditParamsAsString="0" SynonymGroup="0" PhysicalMapping="0" PhysicalTypeName="" >
</DATATYPE>
<DATATYPE ID="39" IDGroup="5" TypeName="POLYGON" Description="Geographic Datatype" ParamCount="0" OptionCount="0" ParamRequired="0" EditParamsAsString="0" SynonymGroup="0" PhysicalMapping="0" PhysicalTypeName="" >
</DATATYPE>
<DATATYPE ID="40" IDGroup="5" TypeName="MULTIPOINT" Description="Geographic Datatype" ParamCount="0" OptionCount="0" ParamRequired="0" EditParamsAsString="0" SynonymGroup="0" PhysicalMapping="0" PhysicalTypeName="" >
</DATATYPE>
<DATATYPE ID="41" IDGroup="5" TypeName="MULTILINESTRING" Description="Geographic Datatype" ParamCount="0" OptionCount="0" ParamRequired="0" EditParamsAsString="0" SynonymGroup="0" PhysicalMapping="0" PhysicalTypeName="" >
</DATATYPE>
<DATATYPE ID="42" IDGroup="5" TypeName="MULTIPOLYGON" Description="Geographic Datatype" ParamCount="0" OptionCount="0" ParamRequired="0" EditParamsAsString="0" SynonymGroup="0" PhysicalMapping="0" PhysicalTypeName="" >
</DATATYPE>
<DATATYPE ID="43" IDGroup="5" TypeName="GEOMETRYCOLLECTION" Description="Geographic Datatype" ParamCount="0" OptionCount="0" ParamRequired="0" EditParamsAsString="0" SynonymGroup="0" PhysicalMapping="0" PhysicalTypeName="" >
</DATATYPE>
</DATATYPES>
<COMMON_DATATYPES>
<COMMON_DATATYPE ID="5" />
<COMMON_DATATYPE ID="8" />
<COMMON_DATATYPE ID="20" />
<COMMON_DATATYPE ID="15" />
<COMMON_DATATYPE ID="22" />
<COMMON_DATATYPE ID="28" />
<COMMON_DATATYPE ID="26" />
<COMMON_DATATYPE ID="33" />
<COMMON_DATATYPE ID="34" />
<COMMON_DATATYPE ID="35" />
</COMMON_DATATYPES>
<TABLEPREFIXES>
<TABLEPREFIX Name="Default (no prefix)" />
</TABLEPREFIXES>
<REGIONCOLORS>
<REGIONCOLOR Color="Red=#FFEEEC" />
<REGIONCOLOR Color="Yellow=#FEFDED" />
<REGIONCOLOR Color="Green=#EAFFE5" />
<REGIONCOLOR Color="Cyan=#ECFDFF" />
<REGIONCOLOR Color="Blue=#F0F1FE" />
<REGIONCOLOR Color="Magenta=#FFEBFA" />
</REGIONCOLORS>
<POSITIONMARKERS>
<POSITIONMARKER ZoomFac="-1.0" X="0" Y="0" />
<POSITIONMARKER ZoomFac="-1.0" X="0" Y="0" />
<POSITIONMARKER ZoomFac="-1.0" X="0" Y="0" />
<POSITIONMARKER ZoomFac="-1.0" X="0" Y="0" />
<POSITIONMARKER ZoomFac="-1.0" X="0" Y="0" />
<POSITIONMARKER ZoomFac="-1.0" X="0" Y="0" />
<POSITIONMARKER ZoomFac="-1.0" X="0" Y="0" />
<POSITIONMARKER ZoomFac="-1.0" X="0" Y="0" />
<POSITIONMARKER ZoomFac="-1.0" X="0" Y="0" />
<POSITIONMARKER ZoomFac="-1.0" X="0" Y="0" />
<POSITIONMARKER ZoomFac="-1.0" X="0" Y="0" />
</POSITIONMARKERS>
</SETTINGS>
<METADATA>
<REGIONS>
</REGIONS>
<TABLES>
<TABLE ID="1729" Tablename="BARCOS" PrevTableName="Table_14" XPos="1525" YPos="1532" TableType="0" TablePrefix="0" nmTable="0" Temporary="0" UseStandardInserts="0" StandardInserts="\n" TableOptions="DelayKeyTblUpdates=0\nPackKeys=0\nRowChecksum=0\nRowFormat=0\nUseRaid=0\nRaidType=0\n" Comments="" Collapsed="0" IsLinkedObject="0" IDLinkedModel="-1" Obj_id_Linked="-1" OrderPos="6" >
<COLUMNS>
<COLUMN ID="2062" ColName="Matr\195\173cula" PrevColName="" Pos="8" idDatatype="20" DatatypeParams="" Width="-1" Prec="-1" PrimaryKey="1" NotNull="1" AutoInc="0" IsForeignKey="0" DefaultValue="" Comments="">
<OPTIONSELECTED>
<OPTIONSELECT Value="0" />
</OPTIONSELECTED>
</COLUMN>
<COLUMN ID="2096" ColName="ARMADORES_NIF" PrevColName="" Pos="1" idDatatype="20" DatatypeParams="" Width="-1" Prec="-1" PrimaryKey="0" NotNull="1" AutoInc="0" IsForeignKey="1" DefaultValue="" Comments="">
<OPTIONSELECTED>
<OPTIONSELECT Value="0" />
</OPTIONSELECTED>
</COLUMN>
<COLUMN ID="1769" ColName="PUNTOS DE ATRAQUE_C\195\179digo" PrevColName="" Pos="1" idDatatype="5" DatatypeParams="" Width="-1" Prec="-1" PrimaryKey="0" NotNull="1" AutoInc="0" IsForeignKey="1" DefaultValue="" Comments="">
<OPTIONSELECTED>
<OPTIONSELECT Value="1" />
<OPTIONSELECT Value="0" />
</OPTIONSELECTED>
</COLUMN>
<COLUMN ID="1734" ColName="Longitud" PrevColName="" Pos="1" idDatatype="20" DatatypeParams="" Width="-1" Prec="-1" PrimaryKey="0" NotNull="0" AutoInc="0" IsForeignKey="0" DefaultValue="" Comments="">
<OPTIONSELECTED>
<OPTIONSELECT Value="0" />
</OPTIONSELECTED>
</COLUMN>
<COLUMN ID="1735" ColName="Anchura" PrevColName="" Pos="2" idDatatype="20" DatatypeParams="" Width="-1" Prec="-1" PrimaryKey="0" NotNull="0" AutoInc="0" IsForeignKey="0" DefaultValue="" Comments="">
<OPTIONSELECTED>
<OPTIONSELECT Value="0" />
</OPTIONSELECTED>
</COLUMN>
<COLUMN ID="1836" ColName="Capitan" PrevColName="" Pos="5" idDatatype="20" DatatypeParams="" Width="-1" Prec="-1" PrimaryKey="0" NotNull="0" AutoInc="0" IsForeignKey="0" DefaultValue="" Comments="">
<OPTIONSELECTED>
<OPTIONSELECT Value="0" />
</OPTIONSELECTED>
</COLUMN>
<COLUMN ID="1837" ColName="Clase" PrevColName="" Pos="6" idDatatype="20" DatatypeParams="" Width="-1" Prec="-1" PrimaryKey="0" NotNull="0" AutoInc="0" IsForeignKey="0" DefaultValue="" Comments="">
<OPTIONSELECTED>
<OPTIONSELECT Value="0" />
</OPTIONSELECTED>
</COLUMN>
<COLUMN ID="1838" ColName="Nombre" PrevColName="" Pos="7" idDatatype="20" DatatypeParams="" Width="-1" Prec="-1" PrimaryKey="0" NotNull="0" AutoInc="0" IsForeignKey="0" DefaultValue="" Comments="">
<OPTIONSELECTED>
<OPTIONSELECT Value="0" />
</OPTIONSELECTED>
</COLUMN>
</COLUMNS>
<RELATIONS_START>
<RELATION_START ID="1917" />
<RELATION_START ID="1946" />
<RELATION_START ID="2365" />
</RELATIONS_START>
<RELATIONS_END>
<RELATION_END ID="1768" />
<RELATION_END ID="1806" />
</RELATIONS_END>
<INDICES>
<INDEX ID="1732" IndexName="PRIMARY" IndexKind="0" FKRefDef_Obj_id="-1">
<INDEXCOLUMNS>
<INDEXCOLUMN idColumn="2062" LengthParam="0" />
</INDEXCOLUMNS>
</INDEX>
</INDICES>
</TABLE>
<TABLE ID="1736" Tablename="PUNTOS DE ATRAQUE" PrevTableName="Table_15" XPos="914" YPos="1346" TableType="0" TablePrefix="0" nmTable="0" Temporary="0" UseStandardInserts="0" StandardInserts="\n" TableOptions="DelayKeyTblUpdates=0\nPackKeys=0\nRowChecksum=0\nRowFormat=0\nUseRaid=0\nRaidType=0\n" Comments="" Collapsed="0" IsLinkedObject="0" IDLinkedModel="-1" Obj_id_Linked="-1" OrderPos="7" >
<COLUMNS>
<COLUMN ID="1738" ColName="C\195\179digo" PrevColName="" Pos="0" idDatatype="5" DatatypeParams="" Width="-1" Prec="-1" PrimaryKey="1" NotNull="1" AutoInc="1" IsForeignKey="0" DefaultValue="" Comments="">
<OPTIONSELECTED>
<OPTIONSELECT Value="1" />
<OPTIONSELECT Value="0" />
</OPTIONSELECTED>
</COLUMN>
<COLUMN ID="2041" ColName="CUOTAS_C\195\179digo" PrevColName="" Pos="1" idDatatype="5" DatatypeParams="" Width="-1" Prec="-1" PrimaryKey="0" NotNull="1" AutoInc="0" IsForeignKey="1" DefaultValue="" Comments="">
<OPTIONSELECTED>
<OPTIONSELECT Value="1" />
<OPTIONSELECT Value="0" />
</OPTIONSELECTED>
</COLUMN>
<COLUMN ID="1771" ColName="Mensualidad" PrevColName="" Pos="1" idDatatype="20" DatatypeParams="" Width="-1" Prec="-1" PrimaryKey="0" NotNull="0" AutoInc="0" IsForeignKey="0" DefaultValue="" Comments="">
<OPTIONSELECTED>
<OPTIONSELECT Value="0" />
</OPTIONSELECTED>
</COLUMN>
<COLUMN ID="1789" ColName="Distancia" PrevColName="" Pos="2" idDatatype="20" DatatypeParams="" Width="-1" Prec="-1" PrimaryKey="0" NotNull="0" AutoInc="0" IsForeignKey="0" DefaultValue="" Comments="">
<OPTIONSELECTED>
<OPTIONSELECT Value="0" />
</OPTIONSELECTED>
</COLUMN>
<COLUMN ID="1790" ColName="Longitud" PrevColName="" Pos="3" idDatatype="20" DatatypeParams="" Width="-1" Prec="-1" PrimaryKey="0" NotNull="0" AutoInc="0" IsForeignKey="0" DefaultValue="" Comments="">
<OPTIONSELECTED>
<OPTIONSELECT Value="0" />
</OPTIONSELECTED>
</COLUMN>
<COLUMN ID="1791" ColName="Anchura" PrevColName="" Pos="4" idDatatype="20" DatatypeParams="" Width="-1" Prec="-1" PrimaryKey="0" NotNull="0" AutoInc="0" IsForeignKey="0" DefaultValue="" Comments="">
<OPTIONSELECTED>
<OPTIONSELECT Value="0" />
</OPTIONSELECTED>
</COLUMN>
<COLUMN ID="2039" ColName="Cinta transportadora" PrevColName="" Pos="6" idDatatype="22" DatatypeParams="" Width="-1" Prec="-1" PrimaryKey="0" NotNull="0" AutoInc="0" IsForeignKey="0" DefaultValue="" Comments="">
<OPTIONSELECTED>
</OPTIONSELECTED>
</COLUMN>
</COLUMNS>
<RELATIONS_START>
<RELATION_START ID="1768" />
</RELATIONS_START>
<RELATIONS_END>
<RELATION_END ID="2040" />
</RELATIONS_END>
<INDICES>
<INDEX ID="1739" IndexName="PRIMARY" IndexKind="0" FKRefDef_Obj_id="-1">
<INDEXCOLUMNS>
<INDEXCOLUMN idColumn="1738" LengthParam="0" />
</INDEXCOLUMNS>
</INDEX>
</INDICES>
</TABLE>
<TABLE ID="1744" Tablename="ESPECIES" PrevTableName="Table_17" XPos="2464" YPos="903" TableType="0" TablePrefix="0" nmTable="0" Temporary="0" UseStandardInserts="0" StandardInserts="\n" TableOptions="DelayKeyTblUpdates=0\nPackKeys=0\nRowChecksum=0\nRowFormat=0\nUseRaid=0\nRaidType=0\n" Comments="" Collapsed="0" IsLinkedObject="0" IDLinkedModel="-1" Obj_id_Linked="-1" OrderPos="10" >
<COLUMNS>
<COLUMN ID="1832" ColName="Nombre cient\195\173fico" PrevColName="" Pos="1" idDatatype="20" DatatypeParams="" Width="-1" Prec="-1" PrimaryKey="1" NotNull="1" AutoInc="0" IsForeignKey="0" DefaultValue="" Comments="">
<OPTIONSELECTED>
<OPTIONSELECT Value="0" />
</OPTIONSELECTED>
</COLUMN>
<COLUMN ID="1746" ColName="Tipo" PrevColName="C\195\179digo" Pos="0" idDatatype="20" DatatypeParams="" Width="-1" Prec="-1" PrimaryKey="0" NotNull="1" AutoInc="1" IsForeignKey="0" DefaultValue="" Comments="">
<OPTIONSELECTED>
<OPTIONSELECT Value="0" />
</OPTIONSELECTED>
</COLUMN>
<COLUMN ID="1833" ColName="Nombre comercial" PrevColName="" Pos="2" idDatatype="20" DatatypeParams="" Width="-1" Prec="-1" PrimaryKey="0" NotNull="0" AutoInc="0" IsForeignKey="0" DefaultValue="" Comments="">
<OPTIONSELECTED>
<OPTIONSELECT Value="0" />
</OPTIONSELECTED>
</COLUMN>
</COLUMNS>
<RELATIONS_START>
<RELATION_START ID="1842" />
<RELATION_START ID="1915" />
<RELATION_START ID="2112" />
<RELATION_START ID="2084" />
<RELATION_START ID="2142" />
</RELATIONS_START>
<INDICES>
<INDEX ID="1747" IndexName="PRIMARY" IndexKind="0" FKRefDef_Obj_id="-1">
<INDEXCOLUMNS>
<INDEXCOLUMN idColumn="1832" LengthParam="0" />
</INDEXCOLUMNS>
</INDEX>
</INDICES>
</TABLE>
<TABLE ID="1750" Tablename="LOTES" PrevTableName="SUBASTAS_has_PESCADOS" XPos="1490" YPos="747" TableType="0" TablePrefix="0" nmTable="1" Temporary="0" UseStandardInserts="0" StandardInserts="\n" TableOptions="DelayKeyTblUpdates=0\nPackKeys=0\nRowChecksum=0\nRowFormat=0\nUseRaid=0\nRaidType=0\n" Comments="" Collapsed="0" IsLinkedObject="0" IDLinkedModel="-1" Obj_id_Linked="-1" OrderPos="12" >
<COLUMNS>
<COLUMN ID="2052" ColName="Codigo" PrevColName="" Pos="8" idDatatype="5" DatatypeParams="" Width="-1" Prec="-1" PrimaryKey="1" NotNull="1" AutoInc="0" IsForeignKey="0" DefaultValue="" Comments="">
<OPTIONSELECTED>
<OPTIONSELECT Value="1" />
<OPTIONSELECT Value="0" />
</OPTIONSELECTED>
</COLUMN>
<COLUMN ID="2406" ColName="COMISION_Codigo" PrevColName="" Pos="1" idDatatype="5" DatatypeParams="" Width="-1" Prec="-1" PrimaryKey="0" NotNull="1" AutoInc="0" IsForeignKey="1" DefaultValue="" Comments="">
<OPTIONSELECTED>
<OPTIONSELECT Value="1" />
<OPTIONSELECT Value="0" />
</OPTIONSELECTED>
</COLUMN>
<COLUMN ID="2123" ColName="CAPTURAS_C\195\179digo" PrevColName="" Pos="1" idDatatype="5" DatatypeParams="" Width="-1" Prec="-1" PrimaryKey="0" NotNull="1" AutoInc="0" IsForeignKey="1" DefaultValue="" Comments="">
<OPTIONSELECTED>
<OPTIONSELECT Value="1" />
<OPTIONSELECT Value="0" />
</OPTIONSELECTED>
</COLUMN>
<COLUMN ID="1848" ColName="C\195\179digo" PrevColName="" Pos="2" idDatatype="5" DatatypeParams="" Width="-1" Prec="-1" PrimaryKey="0" NotNull="0" AutoInc="0" IsForeignKey="0" DefaultValue="" Comments="">
<OPTIONSELECTED>
<OPTIONSELECT Value="1" />
<OPTIONSELECT Value="0" />
</OPTIONSELECTED>
</COLUMN>
<COLUMN ID="1850" ColName="n\195\186mero de cajas" PrevColName="" Pos="3" idDatatype="20" DatatypeParams="" Width="-1" Prec="-1" PrimaryKey="0" NotNull="0" AutoInc="0" IsForeignKey="0" DefaultValue="" Comments="">
<OPTIONSELECTED>
<OPTIONSELECT Value="0" />
</OPTIONSELECTED>
</COLUMN>
<COLUMN ID="1852" ColName="Kilos total" PrevColName="" Pos="5" idDatatype="20" DatatypeParams="" Width="-1" Prec="-1" PrimaryKey="0" NotNull="0" AutoInc="0" IsForeignKey="0" DefaultValue="" Comments="">
<OPTIONSELECTED>
<OPTIONSELECT Value="0" />
</OPTIONSELECTED>
</COLUMN>
<COLUMN ID="1853" ColName="Fecha de recepci\195\179n" PrevColName="" Pos="6" idDatatype="14" DatatypeParams="" Width="-1" Prec="-1" PrimaryKey="0" NotNull="0" AutoInc="0" IsForeignKey="0" DefaultValue="" Comments="">
<OPTIONSELECTED>
</OPTIONSELECTED>
</COLUMN>
<COLUMN ID="1854" ColName="Precio por Kilo" PrevColName="Precio por Kilo salida" Pos="7" idDatatype="20" DatatypeParams="" Width="-1" Prec="-1" PrimaryKey="0" NotNull="0" AutoInc="0" IsForeignKey="0" DefaultValue="" Comments="">
<OPTIONSELECTED>
<OPTIONSELECT Value="0" />
</OPTIONSELECTED>
</COLUMN>
</COLUMNS>
<RELATIONS_START>
<RELATION_START ID="2032" />
<RELATION_START ID="2286" />
</RELATIONS_START>
<RELATIONS_END>
<RELATION_END ID="1844" />
<RELATION_END ID="2405" />
</RELATIONS_END>
<INDICES>
<INDEX ID="1755" IndexName="PRIMARY" IndexKind="0" FKRefDef_Obj_id="-1">
<INDEXCOLUMNS>
<INDEXCOLUMN idColumn="2052" LengthParam="0" />
</INDEXCOLUMNS>
</INDEX>
</INDICES>
</TABLE>
<TABLE ID="1762" Tablename="CAPTURAS" PrevTableName="PESCADOS_has_BARCOS" XPos="2017" YPos="740" TableType="0" TablePrefix="0" nmTable="1" Temporary="0" UseStandardInserts="0" StandardInserts="\n" TableOptions="DelayKeyTblUpdates=0\nPackKeys=0\nRowChecksum=0\nRowFormat=0\nUseRaid=0\nRaidType=0\n" Comments="" Collapsed="0" IsLinkedObject="0" IDLinkedModel="-1" Obj_id_Linked="-1" OrderPos="17" >
<COLUMNS>
<COLUMN ID="2121" ColName="C\195\179digo" PrevColName="" Pos="4" idDatatype="5" DatatypeParams="" Width="-1" Prec="-1" PrimaryKey="1" NotNull="1" AutoInc="0" IsForeignKey="0" DefaultValue="" Comments="">
<OPTIONSELECTED>
<OPTIONSELECT Value="1" />
<OPTIONSELECT Value="0" />
</OPTIONSELECTED>
</COLUMN>
<COLUMN ID="2110" ColName="FAENAS_BARCOS_Matr\195\173cula" PrevColName="" Pos="1" idDatatype="20" DatatypeParams="" Width="-1" Prec="-1" PrimaryKey="0" NotNull="1" AutoInc="0" IsForeignKey="1" DefaultValue="" Comments="">
<OPTIONSELECTED>
<OPTIONSELECT Value="0" />
</OPTIONSELECTED>
</COLUMN>
<COLUMN ID="2109" ColName="FAENAS_CALADEROS_Nombre" PrevColName="" Pos="1" idDatatype="20" DatatypeParams="" Width="-1" Prec="-1" PrimaryKey="0" NotNull="1" AutoInc="0" IsForeignKey="1" DefaultValue="" Comments="">
<OPTIONSELECTED>
<OPTIONSELECT Value="0" />
</OPTIONSELECTED>
</COLUMN>
<COLUMN ID="2074" ColName="ESPECIES_Nombre cient\195\173fico" PrevColName="" Pos="1" idDatatype="20" DatatypeParams="" Width="-1" Prec="-1" PrimaryKey="0" NotNull="1" AutoInc="0" IsForeignKey="1" DefaultValue="" Comments="">
<OPTIONSELECTED>
<OPTIONSELECT Value="0" />
</OPTIONSELECTED>
</COLUMN>
<COLUMN ID="1857" ColName="Tama\195\177o" PrevColName="" Pos="2" idDatatype="20" DatatypeParams="" Width="-1" Prec="-1" PrimaryKey="0" NotNull="0" AutoInc="0" IsForeignKey="0" DefaultValue="" Comments="">
<OPTIONSELECTED>
<OPTIONSELECT Value="0" />
</OPTIONSELECTED>
</COLUMN>
<COLUMN ID="2379" ColName="N\194\186 de Kilos" PrevColName="" Pos="5" idDatatype="20" DatatypeParams="" Width="-1" Prec="-1" PrimaryKey="0" NotNull="0" AutoInc="0" IsForeignKey="0" DefaultValue="" Comments="">
<OPTIONSELECTED>
<OPTIONSELECT Value="0" />
</OPTIONSELECTED>
</COLUMN>
</COLUMNS>
<RELATIONS_START>
<RELATION_START ID="1844" />
</RELATIONS_START>
<RELATIONS_END>
<RELATION_END ID="1842" />
<RELATION_END ID="2108" />
</RELATIONS_END>
<INDICES>
<INDEX ID="2122" IndexName="PRIMARY" IndexKind="0" FKRefDef_Obj_id="-1">
<INDEXCOLUMNS>
<INDEXCOLUMN idColumn="2121" LengthParam="0" />
</INDEXCOLUMNS>
</INDEX>
</INDICES>
</TABLE>
<TABLE ID="1798" Tablename="CUOTAS" PrevTableName="Table_21" XPos="1212" YPos="1274" TableType="0" TablePrefix="0" nmTable="0" Temporary="0" UseStandardInserts="0" StandardInserts="\n" TableOptions="DelayKeyTblUpdates=0\nPackKeys=0\nRowChecksum=0\nRowFormat=0\nUseRaid=0\nRaidType=0\n" Comments="" Collapsed="0" IsLinkedObject="0" IDLinkedModel="-1" Obj_id_Linked="-1" OrderPos="21" >
<COLUMNS>
<COLUMN ID="1800" ColName="C\195\179digo" PrevColName="" Pos="0" idDatatype="5" DatatypeParams="" Width="-1" Prec="-1" PrimaryKey="1" NotNull="1" AutoInc="1" IsForeignKey="0" DefaultValue="" Comments="">
<OPTIONSELECTED>
<OPTIONSELECT Value="1" />
<OPTIONSELECT Value="0" />
</OPTIONSELECTED>
</COLUMN>
<COLUMN ID="2097" ColName="ARMADORES_NIF" PrevColName="" Pos="1" idDatatype="20" DatatypeParams="" Width="-1" Prec="-1" PrimaryKey="0" NotNull="1" AutoInc="0" IsForeignKey="1" DefaultValue="" Comments="">
<OPTIONSELECTED>
<OPTIONSELECT Value="0" />
</OPTIONSELECTED>
</COLUMN>
<COLUMN ID="2047" ColName="Cantidad" PrevColName="" Pos="2" idDatatype="5" DatatypeParams="" Width="-1" Prec="-1" PrimaryKey="0" NotNull="0" AutoInc="0" IsForeignKey="0" DefaultValue="" Comments="">
<OPTIONSELECTED>
<OPTIONSELECT Value="1" />
<OPTIONSELECT Value="0" />
</OPTIONSELECTED>
</COLUMN>
</COLUMNS>
<RELATIONS_START>
<RELATION_START ID="1816" />
<RELATION_START ID="2040" />
</RELATIONS_START>
<RELATIONS_END>
<RELATION_END ID="1818" />
</RELATIONS_END>
<INDICES>
<INDEX ID="1801" IndexName="PRIMARY" IndexKind="0" FKRefDef_Obj_id="-1">
<INDEXCOLUMNS>
<INDEXCOLUMN idColumn="1800" LengthParam="0" />
</INDEXCOLUMNS>
</INDEX>
</INDICES>
</TABLE>
<TABLE ID="1802" Tablename="ARMADORES" PrevTableName="Table_22" XPos="1552" YPos="1187" TableType="0" TablePrefix="0" nmTable="0" Temporary="0" UseStandardInserts="0" StandardInserts="\n" TableOptions="DelayKeyTblUpdates=0\nPackKeys=0\nRowChecksum=0\nRowFormat=0\nUseRaid=0\nRaidType=0\n" Comments="" Collapsed="0" IsLinkedObject="0" IDLinkedModel="-1" Obj_id_Linked="-1" OrderPos="22" >
<COLUMNS>
<COLUMN ID="2045" ColName="NIF" PrevColName="" Pos="2" idDatatype="20" DatatypeParams="" Width="-1" Prec="-1" PrimaryKey="1" NotNull="1" AutoInc="0" IsForeignKey="0" DefaultValue="" Comments="">
<OPTIONSELECTED>
<OPTIONSELECT Value="0" />
</OPTIONSELECTED>
</COLUMN>
<COLUMN ID="2043" ColName="Nombre" PrevColName="" Pos="1" idDatatype="20" DatatypeParams="" Width="-1" Prec="-1" PrimaryKey="0" NotNull="1" AutoInc="0" IsForeignKey="0" DefaultValue="" Comments="">
<OPTIONSELECTED>
<OPTIONSELECT Value="0" />
</OPTIONSELECTED>
</COLUMN>
<COLUMN ID="2254" ColName="Tel\195\169fono" PrevColName="" Pos="2" idDatatype="20" DatatypeParams="" Width="-1" Prec="-1" PrimaryKey="0" NotNull="0" AutoInc="0" IsForeignKey="0" DefaultValue="" Comments="">
<OPTIONSELECTED>
<OPTIONSELECT Value="0" />
</OPTIONSELECTED>
</COLUMN>
<COLUMN ID="2255" ColName="Direcci\195\179n" PrevColName="" Pos="3" idDatatype="20" DatatypeParams="" Width="-1" Prec="-1" PrimaryKey="0" NotNull="0" AutoInc="0" IsForeignKey="0" DefaultValue="" Comments="">
<OPTIONSELECTED>
<OPTIONSELECT Value="0" />
</OPTIONSELECTED>
</COLUMN>
</COLUMNS>
<RELATIONS_START>
<RELATION_START ID="1806" />
<RELATION_START ID="1818" />
</RELATIONS_START>
<INDICES>
<INDEX ID="1805" IndexName="PRIMARY" IndexKind="0" FKRefDef_Obj_id="-1">
<INDEXCOLUMNS>
<INDEXCOLUMN idColumn="2045" LengthParam="0" />
</INDEXCOLUMNS>
</INDEX>
</INDICES>
</TABLE>
<TABLE ID="1811" Tablename="DOMICILIACIONES BANCARIAS" PrevTableName="Table_24" XPos="909" YPos="1159" TableType="0" TablePrefix="0" nmTable="0" Temporary="0" UseStandardInserts="0" StandardInserts="\n" TableOptions="DelayKeyTblUpdates=0\nPackKeys=0\nRowChecksum=0\nRowFormat=0\nUseRaid=0\nRaidType=0\n" Comments="" Collapsed="0" IsLinkedObject="0" IDLinkedModel="-1" Obj_id_Linked="-1" OrderPos="26" >
<COLUMNS>
<COLUMN ID="1817" ColName="CUOTAS_C\195\179digo" PrevColName="" Pos="1" idDatatype="5" DatatypeParams="" Width="-1" Prec="-1" PrimaryKey="0" NotNull="1" AutoInc="0" IsForeignKey="1" DefaultValue="" Comments="">
<OPTIONSELECTED>
<OPTIONSELECT Value="1" />
<OPTIONSELECT Value="0" />
</OPTIONSELECTED>
</COLUMN>
<COLUMN ID="1814" ColName="Cuenta correitne" PrevColName="" Pos="0" idDatatype="20" DatatypeParams="" Width="-1" Prec="-1" PrimaryKey="0" NotNull="1" AutoInc="1" IsForeignKey="0" DefaultValue="" Comments="">
<OPTIONSELECTED>
<OPTIONSELECT Value="0" />
</OPTIONSELECTED>
</COLUMN>
</COLUMNS>
<RELATIONS_END>
<RELATION_END ID="1816" />
</RELATIONS_END>
</TABLE>
<TABLE ID="1863" Tablename="T\196\134NICOS" PrevTableName="Table_16" XPos="1234" YPos="1032" TableType="0" TablePrefix="0" nmTable="0" Temporary="0" UseStandardInserts="0" StandardInserts="\n" TableOptions="DelayKeyTblUpdates=0\nPackKeys=0\nRowChecksum=0\nRowFormat=0\nUseRaid=0\nRaidType=0\n" Comments="" Collapsed="0" IsLinkedObject="0" IDLinkedModel="-1" Obj_id_Linked="-1" OrderPos="29" >
<COLUMNS>
<COLUMN ID="2240" ColName="NIF" PrevColName="" Pos="2" idDatatype="20" DatatypeParams="" Width="-1" Prec="-1" PrimaryKey="1" NotNull="1" AutoInc="0" IsForeignKey="0" DefaultValue="" Comments="">
<OPTIONSELECTED>
<OPTIONSELECT Value="0" />
</OPTIONSELECTED>
</COLUMN>
<COLUMN ID="1865" ColName="Nombre" PrevColName="idT\196\134NICOS" Pos="0" idDatatype="20" DatatypeParams="" Width="-1" Prec="-1" PrimaryKey="0" NotNull="1" AutoInc="1" IsForeignKey="0" DefaultValue="" Comments="">
<OPTIONSELECTED>
<OPTIONSELECT Value="0" />
</OPTIONSELECTED>
</COLUMN>
<COLUMN ID="2239" ColName="Apellidos" PrevColName="" Pos="1" idDatatype="20" DatatypeParams="" Width="-1" Prec="-1" PrimaryKey="0" NotNull="0" AutoInc="0" IsForeignKey="0" DefaultValue="" Comments="">
<OPTIONSELECTED>
<OPTIONSELECT Value="0" />
</OPTIONSELECTED>
</COLUMN>
<COLUMN ID="2241" ColName="Direcci\195\179n" PrevColName="" Pos="3" idDatatype="20" DatatypeParams="" Width="-1" Prec="-1" PrimaryKey="0" NotNull="0" AutoInc="0" IsForeignKey="0" DefaultValue="" Comments="">
<OPTIONSELECTED>
<OPTIONSELECT Value="0" />
</OPTIONSELECTED>
</COLUMN>
<COLUMN ID="2242" ColName="Tel\195\169fono" PrevColName="" Pos="4" idDatatype="20" DatatypeParams="" Width="-1" Prec="-1" PrimaryKey="0" NotNull="0" AutoInc="0" IsForeignKey="0" DefaultValue="" Comments="">
<OPTIONSELECTED>
<OPTIONSELECT Value="0" />
</OPTIONSELECTED>
</COLUMN>
</COLUMNS>
<RELATIONS_START>
<RELATION_START ID="2292" />
</RELATIONS_START>
<INDICES>
<INDEX ID="2245" IndexName="PRIMARY" IndexKind="0" FKRefDef_Obj_id="-1">
<INDEXCOLUMNS>
<INDEXCOLUMN idColumn="2240" LengthParam="0" />
</INDEXCOLUMNS>
</INDEX>
</INDICES>
</TABLE>
<TABLE ID="1867" Tablename="DENUNCIAS" PrevTableName="Table_17" XPos="1807" YPos="878" TableType="0" TablePrefix="0" nmTable="0" Temporary="0" UseStandardInserts="0" StandardInserts="\n" TableOptions="DelayKeyTblUpdates=0\nPackKeys=0\nRowChecksum=0\nRowFormat=0\nUseRaid=0\nRaidType=0\n" Comments="" Collapsed="0" IsLinkedObject="0" IDLinkedModel="-1" Obj_id_Linked="-1" OrderPos="30" >
<COLUMNS>
<COLUMN ID="1869" ColName="C\195\179digo" PrevColName="idDENUNCIAS" Pos="0" idDatatype="5" DatatypeParams="" Width="-1" Prec="-1" PrimaryKey="1" NotNull="1" AutoInc="1" IsForeignKey="0" DefaultValue="" Comments="">
<OPTIONSELECTED>
<OPTIONSELECT Value="1" />
<OPTIONSELECT Value="0" />
</OPTIONSELECTED>
</COLUMN>
<COLUMN ID="2281" ColName="INSPECCIONES_C\195\179digo" PrevColName="" Pos="1" idDatatype="5" DatatypeParams="" Width="-1" Prec="-1" PrimaryKey="0" NotNull="1" AutoInc="0" IsForeignKey="1" DefaultValue="" Comments="">
<OPTIONSELECTED>
<OPTIONSELECT Value="1" />
<OPTIONSELECT Value="0" />
</OPTIONSELECTED>
</COLUMN>
<COLUMN ID="2250" ColName="Sanci\195\179n" PrevColName="" Pos="2" idDatatype="20" DatatypeParams="" Width="-1" Prec="-1" PrimaryKey="0" NotNull="0" AutoInc="0" IsForeignKey="0" DefaultValue="" Comments="">
<OPTIONSELECTED>
<OPTIONSELECT Value="0" />
</OPTIONSELECTED>
</COLUMN>
<COLUMN ID="2251" ColName="Descripci\195\179n" PrevColName="" Pos="3" idDatatype="20" DatatypeParams="" Width="-1" Prec="-1" PrimaryKey="0" NotNull="0" AutoInc="0" IsForeignKey="0" DefaultValue="" Comments="">
<OPTIONSELECTED>
<OPTIONSELECT Value="0" />
</OPTIONSELECTED>
</COLUMN>
</COLUMNS>
<RELATIONS_END>
<RELATION_END ID="1925" />
</RELATIONS_END>
<INDICES>
<INDEX ID="1870" IndexName="PRIMARY" IndexKind="0" FKRefDef_Obj_id="-1">
<INDEXCOLUMNS>
<INDEXCOLUMN idColumn="1869" LengthParam="0" />
</INDEXCOLUMNS>
</INDEX>
</INDICES>
</TABLE>
<TABLE ID="1905" Tablename="SANCIONES ANTERIORES" PrevTableName="Table_19" XPos="2412" YPos="1524" TableType="0" TablePrefix="0" nmTable="0" Temporary="0" UseStandardInserts="0" StandardInserts="\n" TableOptions="DelayKeyTblUpdates=0\nPackKeys=0\nRowChecksum=0\nRowFormat=0\nUseRaid=0\nRaidType=0\n" Comments="" Collapsed="0" IsLinkedObject="0" IDLinkedModel="-1" Obj_id_Linked="-1" OrderPos="36" >
<COLUMNS>
<COLUMN ID="1908" ColName="C\195\179digo" PrevColName="idSANCIONES ANTERIORES" Pos="0" idDatatype="5" DatatypeParams="" Width="-1" Prec="-1" PrimaryKey="1" NotNull="1" AutoInc="1" IsForeignKey="0" DefaultValue="" Comments="">
<OPTIONSELECTED>
<OPTIONSELECT Value="1" />
<OPTIONSELECT Value="0" />
</OPTIONSELECTED>
</COLUMN>
<COLUMN ID="2104" ColName="BARCOS_Matr\195\173cula" PrevColName="" Pos="1" idDatatype="20" DatatypeParams="" Width="-1" Prec="-1" PrimaryKey="0" NotNull="1" AutoInc="0" IsForeignKey="1" DefaultValue="" Comments="">
<OPTIONSELECTED>
<OPTIONSELECT Value="0" />
</OPTIONSELECTED>
</COLUMN>
<COLUMN ID="2075" ColName="ESPECIES_Nombre cient\195\173fico" PrevColName="" Pos="1" idDatatype="20" DatatypeParams="" Width="-1" Prec="-1" PrimaryKey="0" NotNull="1" AutoInc="0" IsForeignKey="1" DefaultValue="" Comments="">
<OPTIONSELECTED>
<OPTIONSELECT Value="0" />
</OPTIONSELECTED>
</COLUMN>
<COLUMN ID="1911" ColName="Lonja de la sanci\195\179n" PrevColName="" Pos="1" idDatatype="20" DatatypeParams="" Width="-1" Prec="-1" PrimaryKey="0" NotNull="0" AutoInc="0" IsForeignKey="0" DefaultValue="" Comments="">
<OPTIONSELECTED>
<OPTIONSELECT Value="0" />
</OPTIONSELECTED>
</COLUMN>
<COLUMN ID="1912" ColName="Fecha" PrevColName="" Pos="2" idDatatype="14" DatatypeParams="" Width="-1" Prec="-1" PrimaryKey="0" NotNull="0" AutoInc="0" IsForeignKey="0" DefaultValue="" Comments="">
<OPTIONSELECTED>
</OPTIONSELECTED>
</COLUMN>
<COLUMN ID="1914" ColName="N\194\186 de kilos decomisados" PrevColName="" Pos="4" idDatatype="20" DatatypeParams="" Width="-1" Prec="-1" PrimaryKey="0" NotNull="0" AutoInc="0" IsForeignKey="0" DefaultValue="" Comments="">
<OPTIONSELECTED>
<OPTIONSELECT Value="0" />
</OPTIONSELECTED>
</COLUMN>
</COLUMNS>
<RELATIONS_END>
<RELATION_END ID="1915" />
<RELATION_END ID="1917" />
</RELATIONS_END>
<INDICES>
<INDEX ID="1909" IndexName="PRIMARY" IndexKind="0" FKRefDef_Obj_id="-1">
<INDEXCOLUMNS>
<INDEXCOLUMN idColumn="1908" LengthParam="0" />
</INDEXCOLUMNS>
</INDEX>
</INDICES>
</TABLE>
<TABLE ID="1927" Tablename="CALADEROS" PrevTableName="Table_19" XPos="2119" YPos="1012" TableType="0" TablePrefix="0" nmTable="0" Temporary="0" UseStandardInserts="0" StandardInserts="\n" TableOptions="DelayKeyTblUpdates=0\nPackKeys=0\nRowChecksum=0\nRowFormat=0\nUseRaid=0\nRaidType=0\n" Comments="" Collapsed="0" IsLinkedObject="0" IDLinkedModel="-1" Obj_id_Linked="-1" OrderPos="39" >
<COLUMNS>
<COLUMN ID="1929" ColName="Nombre" PrevColName="" Pos="0" idDatatype="20" DatatypeParams="" Width="-1" Prec="-1" PrimaryKey="1" NotNull="1" AutoInc="1" IsForeignKey="0" DefaultValue="" Comments="">
<OPTIONSELECTED>
<OPTIONSELECT Value="0" />
</OPTIONSELECTED>
</COLUMN>
<COLUMN ID="1932" ColName="Ubicaci\195\179n" PrevColName="" Pos="2" idDatatype="20" DatatypeParams="" Width="-1" Prec="-1" PrimaryKey="0" NotNull="1" AutoInc="0" IsForeignKey="0" DefaultValue="" Comments="">
<OPTIONSELECTED>
<OPTIONSELECT Value="0" />
</OPTIONSELECTED>
</COLUMN>
<COLUMN ID="1931" ColName="Extensi\195\179n" PrevColName="" Pos="1" idDatatype="20" DatatypeParams="" Width="-1" Prec="-1" PrimaryKey="0" NotNull="0" AutoInc="0" IsForeignKey="0" DefaultValue="" Comments="">
<OPTIONSELECTED>
<OPTIONSELECT Value="0" />
</OPTIONSELECTED>
</COLUMN>
</COLUMNS>
<RELATIONS_START>
<RELATION_START ID="1947" />
<RELATION_START ID="2113" />
</RELATIONS_START>
<INDICES>
<INDEX ID="1930" IndexName="PRIMARY" IndexKind="0" FKRefDef_Obj_id="-1">
<INDEXCOLUMNS>
<INDEXCOLUMN idColumn="1929" LengthParam="0" />
</INDEXCOLUMNS>
</INDEX>
</INDICES>
</TABLE>
<TABLE ID="1945" Tablename="FAENAS" PrevTableName="BARCOS_has_CALADEROS" XPos="1814" YPos="1122" TableType="0" TablePrefix="0" nmTable="1" Temporary="0" UseStandardInserts="0" StandardInserts="\n" TableOptions="DelayKeyTblUpdates=0\nPackKeys=0\nRowChecksum=0\nRowFormat=0\nUseRaid=0\nRaidType=0\n" Comments="" Collapsed="0" IsLinkedObject="0" IDLinkedModel="-1" Obj_id_Linked="-1" OrderPos="42" >
<COLUMNS>
<COLUMN ID="1949" ColName="CALADEROS_Nombre" PrevColName="" Pos="1" idDatatype="20" DatatypeParams="" Width="-1" Prec="-1" PrimaryKey="1" NotNull="1" AutoInc="0" IsForeignKey="1" DefaultValue="" Comments="">
<OPTIONSELECTED>
<OPTIONSELECT Value="0" />
</OPTIONSELECTED>
</COLUMN>
<COLUMN ID="2105" ColName="BARCOS_Matr\195\173cula" PrevColName="" Pos="1" idDatatype="20" DatatypeParams="" Width="-1" Prec="-1" PrimaryKey="1" NotNull="1" AutoInc="0" IsForeignKey="1" DefaultValue="" Comments="">
<OPTIONSELECTED>
<OPTIONSELECT Value="0" />
</OPTIONSELECTED>
</COLUMN>
<COLUMN ID="1954" ColName="Fecha inicio" PrevColName="" Pos="3" idDatatype="14" DatatypeParams="" Width="-1" Prec="-1" PrimaryKey="0" NotNull="0" AutoInc="0" IsForeignKey="0" DefaultValue="" Comments="">
<OPTIONSELECTED>
</OPTIONSELECTED>
</COLUMN>
<COLUMN ID="1955" ColName="Fecha fin" PrevColName="" Pos="4" idDatatype="14" DatatypeParams="" Width="-1" Prec="-1" PrimaryKey="0" NotNull="0" AutoInc="0" IsForeignKey="0" DefaultValue="" Comments="">
<OPTIONSELECTED>
</OPTIONSELECTED>
</COLUMN>
</COLUMNS>
<RELATIONS_START>
<RELATION_START ID="2108" />
</RELATIONS_START>
<RELATIONS_END>
<RELATION_END ID="1946" />
<RELATION_END ID="1947" />
</RELATIONS_END>
<INDICES>
<INDEX ID="1950" IndexName="PRIMARY" IndexKind="0" FKRefDef_Obj_id="-1">
<INDEXCOLUMNS>
<INDEXCOLUMN idColumn="1949" LengthParam="0" />
<INDEXCOLUMN idColumn="2105" LengthParam="0" />
</INDEXCOLUMNS>
</INDEX>
</INDICES>
</TABLE>
<TABLE ID="1971" Tablename="ADJUDICACIONES" PrevTableName="LOTES_has_COMPRADORES" XPos="1576" YPos="481" TableType="0" TablePrefix="0" nmTable="1" Temporary="0" UseStandardInserts="0" StandardInserts="\n" TableOptions="DelayKeyTblUpdates=0\nPackKeys=0\nRowChecksum=0\nRowFormat=0\nUseRaid=0\nRaidType=0\n" Comments="" Collapsed="0" IsLinkedObject="0" IDLinkedModel="-1" Obj_id_Linked="-1" OrderPos="46" >
<COLUMNS>
<COLUMN ID="2387" ColName="COMPRADORES_NIF" PrevColName="" Pos="1" idDatatype="20" DatatypeParams="" Width="-1" Prec="-1" PrimaryKey="0" NotNull="1" AutoInc="0" IsForeignKey="1" DefaultValue="" Comments="">
<OPTIONSELECTED>
<OPTIONSELECT Value="0" />
</OPTIONSELECTED>
</COLUMN>
<COLUMN ID="2383" ColName="FACTURAS_C\195\179digo" PrevColName="" Pos="1" idDatatype="5" DatatypeParams="" Width="-1" Prec="-1" PrimaryKey="0" NotNull="1" AutoInc="0" IsForeignKey="1" DefaultValue="" Comments="">
<OPTIONSELECTED>
<OPTIONSELECT Value="1" />
<OPTIONSELECT Value="0" />
</OPTIONSELECTED>
</COLUMN>
<COLUMN ID="2054" ColName="LOTES_Codigo" PrevColName="" Pos="1" idDatatype="5" DatatypeParams="" Width="-1" Prec="-1" PrimaryKey="0" NotNull="1" AutoInc="0" IsForeignKey="1" DefaultValue="" Comments="">
<OPTIONSELECTED>
<OPTIONSELECT Value="1" />
<OPTIONSELECT Value="0" />
</OPTIONSELECTED>
</COLUMN>
<COLUMN ID="1982" ColName="Precio por Kilo" PrevColName="" Pos="2" idDatatype="20" DatatypeParams="" Width="-1" Prec="-1" PrimaryKey="0" NotNull="0" AutoInc="0" IsForeignKey="0" DefaultValue="" Comments="">
<OPTIONSELECTED>
<OPTIONSELECT Value="0" />
</OPTIONSELECTED>
</COLUMN>
<COLUMN ID="1983" ColName="Precio total" PrevColName="" Pos="3" idDatatype="20" DatatypeParams="" Width="-1" Prec="-1" PrimaryKey="0" NotNull="0" AutoInc="0" IsForeignKey="0" DefaultValue="" Comments="">
<OPTIONSELECTED>
<OPTIONSELECT Value="0" />
</OPTIONSELECTED>
</COLUMN>
</COLUMNS>
<RELATIONS_START>
<RELATION_START ID="2181" />
</RELATIONS_START>
<RELATIONS_END>
<RELATION_END ID="2032" />
<RELATION_END ID="2382" />
<RELATION_END ID="2386" />
</RELATIONS_END>
</TABLE>
<TABLE ID="1985" Tablename="VEH\195\141CULOS AUTORIZADOS" PrevTableName="Table_26" XPos="2587" YPos="136" TableType="0" TablePrefix="0" nmTable="0" Temporary="0" UseStandardInserts="0" StandardInserts="\n" TableOptions="DelayKeyTblUpdates=0\nPackKeys=0\nRowChecksum=0\nRowFormat=0\nUseRaid=0\nRaidType=0\n" Comments="" Collapsed="0" IsLinkedObject="0" IDLinkedModel="-1" Obj_id_Linked="-1" OrderPos="47" >
<COLUMNS>
<COLUMN ID="1987" ColName="Matr\195\173cula" PrevColName="" Pos="0" idDatatype="20" DatatypeParams="" Width="-1" Prec="-1" PrimaryKey="1" NotNull="1" AutoInc="1" IsForeignKey="0" DefaultValue="" Comments="">
<OPTIONSELECTED>
<OPTIONSELECT Value="0" />
</OPTIONSELECTED>
</COLUMN>
<COLUMN ID="2343" ColName="COMPRADORES_NIF" PrevColName="" Pos="1" idDatatype="20" DatatypeParams="" Width="-1" Prec="-1" PrimaryKey="0" NotNull="1" AutoInc="0" IsForeignKey="1" DefaultValue="" Comments="">
<OPTIONSELECTED>
<OPTIONSELECT Value="0" />
</OPTIONSELECTED>
</COLUMN>
<COLUMN ID="2168" ColName="Modelo" PrevColName="" Pos="2" idDatatype="20" DatatypeParams="" Width="-1" Prec="-1" PrimaryKey="0" NotNull="0" AutoInc="0" IsForeignKey="0" DefaultValue="" Comments="">
<OPTIONSELECTED>
<OPTIONSELECT Value="0" />
</OPTIONSELECTED>
</COLUMN>
</COLUMNS>
<RELATIONS_END>
<RELATION_END ID="2160" />
</RELATIONS_END>
<INDICES>
<INDEX ID="1988" IndexName="PRIMARY" IndexKind="0" FKRefDef_Obj_id="-1">
<INDEXCOLUMNS>
<INDEXCOLUMN idColumn="1987" LengthParam="0" />
</INDEXCOLUMNS>
</INDEX>
</INDICES>
</TABLE>
<TABLE ID="1991" Tablename="MUELLES DE CARGA" PrevTableName="Table_27" XPos="2686" YPos="331" TableType="0" TablePrefix="0" nmTable="0" Temporary="0" UseStandardInserts="0" StandardInserts="\n" TableOptions="DelayKeyTblUpdates=0\nPackKeys=0\nRowChecksum=0\nRowFormat=0\nUseRaid=0\nRaidType=0\n" Comments="" Collapsed="0" IsLinkedObject="0" IDLinkedModel="-1" Obj_id_Linked="-1" OrderPos="49" >
<COLUMNS>
<COLUMN ID="1993" ColName="C\195\179digo" PrevColName="idMUELLES DE CARGA" Pos="0" idDatatype="5" DatatypeParams="" Width="-1" Prec="-1" PrimaryKey="1" NotNull="1" AutoInc="1" IsForeignKey="0" DefaultValue="" Comments="">
<OPTIONSELECTED>
<OPTIONSELECT Value="1" />
<OPTIONSELECT Value="0" />
</OPTIONSELECTED>
</COLUMN>
<COLUMN ID="2344" ColName="COMPRADORES_NIF" PrevColName="" Pos="1" idDatatype="20" DatatypeParams="" Width="-1" Prec="-1" PrimaryKey="0" NotNull="1" AutoInc="0" IsForeignKey="1" DefaultValue="" Comments="">
<OPTIONSELECTED>
<OPTIONSELECT Value="0" />
</OPTIONSELECTED>
</COLUMN>
<COLUMN ID="2172" ColName="Dimensi\195\179n" PrevColName="" Pos="2" idDatatype="20" DatatypeParams="" Width="-1" Prec="-1" PrimaryKey="0" NotNull="0" AutoInc="0" IsForeignKey="0" DefaultValue="" Comments="">
<OPTIONSELECTED>
<OPTIONSELECT Value="0" />
</OPTIONSELECTED>
</COLUMN>
</COLUMNS>
<RELATIONS_END>
<RELATION_END ID="2169" />
</RELATIONS_END>
<INDICES>
<INDEX ID="1994" IndexName="PRIMARY" IndexKind="0" FKRefDef_Obj_id="-1">
<INDEXCOLUMNS>
<INDEXCOLUMN idColumn="1993" LengthParam="0" />
</INDEXCOLUMNS>
</INDEX>
</INDICES>
</TABLE>
<TABLE ID="2015" Tablename="FACTURAS" PrevTableName="Table_30" XPos="1974" YPos="497" TableType="0" TablePrefix="0" nmTable="0" Temporary="0" UseStandardInserts="0" StandardInserts="\n" TableOptions="DelayKeyTblUpdates=0\nPackKeys=0\nRowChecksum=0\nRowFormat=0\nUseRaid=0\nRaidType=0\n" Comments="" Collapsed="0" IsLinkedObject="0" IDLinkedModel="-1" Obj_id_Linked="-1" OrderPos="55" >
<COLUMNS>
<COLUMN ID="2017" ColName="C\195\179digo" PrevColName="idFACTURAS" Pos="0" idDatatype="5" DatatypeParams="" Width="-1" Prec="-1" PrimaryKey="1" NotNull="1" AutoInc="1" IsForeignKey="0" DefaultValue="" Comments="">
<OPTIONSELECTED>
<OPTIONSELECT Value="1" />
<OPTIONSELECT Value="0" />
</OPTIONSELECTED>
</COLUMN>
<COLUMN ID="2408" ColName="COMISION_Codigo" PrevColName="" Pos="1" idDatatype="5" DatatypeParams="" Width="-1" Prec="-1" PrimaryKey="0" NotNull="1" AutoInc="0" IsForeignKey="1" DefaultValue="" Comments="">
<OPTIONSELECTED>
<OPTIONSELECT Value="1" />
<OPTIONSELECT Value="0" />
</OPTIONSELECTED>
</COLUMN>
<COLUMN ID="2028" ColName="Fecha" PrevColName="" Pos="4" idDatatype="14" DatatypeParams="" Width="-1" Prec="-1" PrimaryKey="0" NotNull="0" AutoInc="0" IsForeignKey="0" DefaultValue="" Comments="">
<OPTIONSELECTED>
</OPTIONSELECTED>
</COLUMN>
<COLUMN ID="2385" ColName="Fecha pago" PrevColName="" Pos="3" idDatatype="14" DatatypeParams="" Width="-1" Prec="-1" PrimaryKey="0" NotNull="0" AutoInc="0" IsForeignKey="0" DefaultValue="" Comments="">
<OPTIONSELECTED>
</OPTIONSELECTED>
</COLUMN>
</COLUMNS>
<RELATIONS_START>
<RELATION_START ID="2382" />
</RELATIONS_START>
<RELATIONS_END>
<RELATION_END ID="2407" />
</RELATIONS_END>
<INDICES>
<INDEX ID="2018" IndexName="PRIMARY" IndexKind="0" FKRefDef_Obj_id="-1">
<INDEXCOLUMNS>
<INDEXCOLUMN idColumn="2017" LengthParam="0" />
</INDEXCOLUMNS>
</INDEX>
</INDICES>
</TABLE>
<TABLE ID="2111" Tablename="CONTENIDO CALADEROS" PrevTableName="ESPECIES_has_CALADEROS" XPos="2288" YPos="1250" TableType="0" TablePrefix="0" nmTable="1" Temporary="0" UseStandardInserts="0" StandardInserts="\n" TableOptions="DelayKeyTblUpdates=0\nPackKeys=0\nRowChecksum=0\nRowFormat=0\nUseRaid=0\nRaidType=0\n" Comments="" Collapsed="0" IsLinkedObject="0" IDLinkedModel="-1" Obj_id_Linked="-1" OrderPos="53" >
<COLUMNS>
<COLUMN ID="2114" ColName="ESPECIES_Nombre cient\195\173fico" PrevColName="" Pos="1" idDatatype="20" DatatypeParams="" Width="-1" Prec="-1" PrimaryKey="1" NotNull="1" AutoInc="0" IsForeignKey="1" DefaultValue="" Comments="">
<OPTIONSELECTED>
<OPTIONSELECT Value="0" />
</OPTIONSELECTED>
</COLUMN>
<COLUMN ID="2115" ColName="CALADEROS_Nombre" PrevColName="" Pos="1" idDatatype="20" DatatypeParams="" Width="-1" Prec="-1" PrimaryKey="1" NotNull="1" AutoInc="0" IsForeignKey="1" DefaultValue="" Comments="">
<OPTIONSELECTED>
<OPTIONSELECT Value="0" />
</OPTIONSELECTED>
</COLUMN>
</COLUMNS>
<RELATIONS_START>
<RELATION_START ID="2366" />
</RELATIONS_START>
<RELATIONS_END>
<RELATION_END ID="2112" />
<RELATION_END ID="2113" />
</RELATIONS_END>
<INDICES>
<INDEX ID="2116" IndexName="PRIMARY" IndexKind="0" FKRefDef_Obj_id="-1">
<INDEXCOLUMNS>
<INDEXCOLUMN idColumn="2114" LengthParam="0" />
<INDEXCOLUMN idColumn="2115" LengthParam="0" />
</INDEXCOLUMNS>
</INDEX>
</INDICES>
</TABLE>
<TABLE ID="2083" Tablename="HORARIO" PrevTableName="ESPECIES_has_HORARIO SUBASTA" XPos="2863" YPos="760" TableType="0" TablePrefix="0" nmTable="1" Temporary="0" UseStandardInserts="0" StandardInserts="\n" TableOptions="DelayKeyTblUpdates=0\nPackKeys=0\nRowChecksum=0\nRowFormat=0\nUseRaid=0\nRaidType=0\n" Comments="" Collapsed="0" IsLinkedObject="0" IDLinkedModel="-1" Obj_id_Linked="-1" OrderPos="53" >
<COLUMNS>
<COLUMN ID="2086" ColName="ESPECIES_Nombre cient\195\173fico" PrevColName="" Pos="1" idDatatype="20" DatatypeParams="" Width="-1" Prec="-1" PrimaryKey="1" NotNull="1" AutoInc="0" IsForeignKey="1" DefaultValue="" Comments="">
<OPTIONSELECTED>
<OPTIONSELECT Value="0" />
</OPTIONSELECTED>
</COLUMN>
<COLUMN ID="2092" ColName="Mes" PrevColName="" Pos="1" idDatatype="20" DatatypeParams="" Width="-1" Prec="-1" PrimaryKey="1" NotNull="1" AutoInc="0" IsForeignKey="0" DefaultValue="" Comments="">
<OPTIONSELECTED>
<OPTIONSELECT Value="0" />
</OPTIONSELECTED>
</COLUMN>
<COLUMN ID="2093" ColName="Hora" PrevColName="" Pos="2" idDatatype="14" DatatypeParams="" Width="-1" Prec="-1" PrimaryKey="0" NotNull="0" AutoInc="0" IsForeignKey="0" DefaultValue="" Comments="">
<OPTIONSELECTED>
</OPTIONSELECTED>
</COLUMN>
</COLUMNS>
<RELATIONS_END>
<RELATION_END ID="2084" />
</RELATIONS_END>
<INDICES>
<INDEX ID="2089" IndexName="PRIMARY" IndexKind="0" FKRefDef_Obj_id="-1">
<INDEXCOLUMNS>
<INDEXCOLUMN idColumn="2086" LengthParam="0" />
<INDEXCOLUMN idColumn="2092" LengthParam="0" />
</INDEXCOLUMNS>
</INDEX>
</INDICES>
</TABLE>
<TABLE ID="2139" Tablename="PESCADER\195\141AS" PrevTableName="Table_32" XPos="2538" YPos="542" TableType="0" TablePrefix="0" nmTable="0" Temporary="0" UseStandardInserts="0" StandardInserts="\n" TableOptions="DelayKeyTblUpdates=0\nPackKeys=0\nRowChecksum=0\nRowFormat=0\nUseRaid=0\nRaidType=0\n" Comments="" Collapsed="0" IsLinkedObject="0" IDLinkedModel="-1" Obj_id_Linked="-1" OrderPos="56" >
<COLUMNS>
<COLUMN ID="2154" ColName="Direcci\195\179n" PrevColName="" Pos="1" idDatatype="20" DatatypeParams="" Width="-1" Prec="-1" PrimaryKey="1" NotNull="1" AutoInc="0" IsForeignKey="0" DefaultValue="" Comments="">
<OPTIONSELECTED>
<OPTIONSELECT Value="0" />
</OPTIONSELECTED>
</COLUMN>
<COLUMN ID="2152" ColName="Nombre" PrevColName="" Pos="0" idDatatype="20" DatatypeParams="" Width="-1" Prec="-1" PrimaryKey="0" NotNull="1" AutoInc="1" IsForeignKey="0" DefaultValue="" Comments="">
<OPTIONSELECTED>
<OPTIONSELECT Value="0" />
</OPTIONSELECTED>
</COLUMN>
<COLUMN ID="2155" ColName="CIF" PrevColName="" Pos="2" idDatatype="20" DatatypeParams="" Width="-1" Prec="-1" PrimaryKey="0" NotNull="0" AutoInc="0" IsForeignKey="0" DefaultValue="" Comments="">
<OPTIONSELECTED>
<OPTIONSELECT Value="0" />
</OPTIONSELECTED>
</COLUMN>
</COLUMNS>
<RELATIONS_START>
<RELATION_START ID="2143" />
</RELATIONS_START>
<INDICES>
<INDEX ID="2153" IndexName="PRIMARY" IndexKind="0" FKRefDef_Obj_id="-1">
<INDEXCOLUMNS>
<INDEXCOLUMN idColumn="2154" LengthParam="0" />
</INDEXCOLUMNS>
</INDEX>
</INDICES>
</TABLE>
<TABLE ID="2141" Tablename="PRECIO DE PESCADER\195\141AS" PrevTableName="ESPECIES_has_PESCADER\195\141AS" XPos="2746" YPos="657" TableType="0" TablePrefix="0" nmTable="1" Temporary="0" UseStandardInserts="0" StandardInserts="\n" TableOptions="DelayKeyTblUpdates=0\nPackKeys=0\nRowChecksum=0\nRowFormat=0\nUseRaid=0\nRaidType=0\n" Comments="" Collapsed="0" IsLinkedObject="0" IDLinkedModel="-1" Obj_id_Linked="-1" OrderPos="57" >
<COLUMNS>
<COLUMN ID="2144" ColName="ESPECIES_Nombre cient\195\173fico" PrevColName="" Pos="1" idDatatype="20" DatatypeParams="" Width="-1" Prec="-1" PrimaryKey="1" NotNull="1" AutoInc="0" IsForeignKey="1" DefaultValue="" Comments="">
<OPTIONSELECTED>
<OPTIONSELECT Value="0" />
</OPTIONSELECTED>
</COLUMN>
<COLUMN ID="2157" ColName="PESCADER\195\141AS_Direcci\195\179n" PrevColName="" Pos="1" idDatatype="20" DatatypeParams="" Width="-1" Prec="-1" PrimaryKey="1" NotNull="1" AutoInc="0" IsForeignKey="1" DefaultValue="" Comments="">
<OPTIONSELECTED>
<OPTIONSELECT Value="0" />
</OPTIONSELECTED>
</COLUMN>
<COLUMN ID="2149" ColName="Precio" PrevColName="" Pos="1" idDatatype="20" DatatypeParams="" Width="-1" Prec="-1" PrimaryKey="0" NotNull="0" AutoInc="0" IsForeignKey="0" DefaultValue="" Comments="">
<OPTIONSELECTED>
<OPTIONSELECT Value="0" />
</OPTIONSELECTED>
</COLUMN>
<COLUMN ID="2150" ColName="Fecha" PrevColName="" Pos="2" idDatatype="14" DatatypeParams="" Width="-1" Prec="-1" PrimaryKey="0" NotNull="0" AutoInc="0" IsForeignKey="0" DefaultValue="" Comments="">
<OPTIONSELECTED>
</OPTIONSELECTED>
</COLUMN>
</COLUMNS>
<RELATIONS_END>
<RELATION_END ID="2142" />
<RELATION_END ID="2143" />
</RELATIONS_END>
<INDICES>
<INDEX ID="2145" IndexName="PRIMARY" IndexKind="0" FKRefDef_Obj_id="-1">
<INDEXCOLUMNS>
<INDEXCOLUMN idColumn="2144" LengthParam="0" />
<INDEXCOLUMN idColumn="2157" LengthParam="0" />
</INDEXCOLUMNS>
</INDEX>
</INDICES>
</TABLE>
<TABLE ID="2174" Tablename="REPARTOS" PrevTableName="Table_29" XPos="1297" YPos="341" TableType="0" TablePrefix="0" nmTable="0" Temporary="0" UseStandardInserts="0" StandardInserts="\n" TableOptions="DelayKeyTblUpdates=0\nPackKeys=0\nRowChecksum=0\nRowFormat=0\nUseRaid=0\nRaidType=0\n" Comments="" Collapsed="0" IsLinkedObject="0" IDLinkedModel="-1" Obj_id_Linked="-1" OrderPos="59" >
<COLUMNS>
<COLUMN ID="2176" ColName="C\195\179digo" PrevColName="" Pos="0" idDatatype="5" DatatypeParams="" Width="-1" Prec="-1" PrimaryKey="1" NotNull="1" AutoInc="1" IsForeignKey="0" DefaultValue="" Comments="">
<OPTIONSELECTED>
<OPTIONSELECT Value="1" />
<OPTIONSELECT Value="0" />
</OPTIONSELECTED>
</COLUMN>
<COLUMN ID="2389" ColName="COMPRADORES_NIF" PrevColName="" Pos="1" idDatatype="20" DatatypeParams="" Width="-1" Prec="-1" PrimaryKey="0" NotNull="1" AutoInc="0" IsForeignKey="1" DefaultValue="" Comments="">
<OPTIONSELECTED>
<OPTIONSELECT Value="0" />
</OPTIONSELECTED>
</COLUMN>
<COLUMN ID="2309" ColName="REPARTIDORES_NIF" PrevColName="" Pos="1" idDatatype="20" DatatypeParams="" Width="-1" Prec="-1" PrimaryKey="0" NotNull="1" AutoInc="0" IsForeignKey="1" DefaultValue="" Comments="">
<OPTIONSELECTED>
<OPTIONSELECT Value="0" />
</OPTIONSELECTED>
</COLUMN>
<COLUMN ID="2178" ColName="Hora de entrega" PrevColName="" Pos="1" idDatatype="14" DatatypeParams="" Width="-1" Prec="-1" PrimaryKey="0" NotNull="0" AutoInc="0" IsForeignKey="0" DefaultValue="" Comments="">
<OPTIONSELECTED>
</OPTIONSELECTED>
</COLUMN>
<COLUMN ID="2203" ColName="Direcci\195\179n" PrevColName="" Pos="3" idDatatype="20" DatatypeParams="" Width="-1" Prec="-1" PrimaryKey="0" NotNull="0" AutoInc="0" IsForeignKey="0" DefaultValue="" Comments="">
<OPTIONSELECTED>
<OPTIONSELECT Value="0" />
</OPTIONSELECTED>
</COLUMN>
</COLUMNS>
<RELATIONS_END>
<RELATION_END ID="2181" />
<RELATION_END ID="2294" />
<RELATION_END ID="2388" />
</RELATIONS_END>
<INDICES>
<INDEX ID="2177" IndexName="PRIMARY" IndexKind="0" FKRefDef_Obj_id="-1">
<INDEXCOLUMNS>
<INDEXCOLUMN idColumn="2176" LengthParam="0" />
</INDEXCOLUMNS>
</INDEX>
</INDICES>
</TABLE>
<TABLE ID="2183" Tablename="CAMIONES" PrevTableName="Table_30" XPos="1042" YPos="342" TableType="0" TablePrefix="0" nmTable="0" Temporary="0" UseStandardInserts="0" StandardInserts="\n" TableOptions="DelayKeyTblUpdates=0\nPackKeys=0\nRowChecksum=0\nRowFormat=0\nUseRaid=0\nRaidType=0\n" Comments="" Collapsed="0" IsLinkedObject="0" IDLinkedModel="-1" Obj_id_Linked="-1" OrderPos="61" >
<COLUMNS>
<COLUMN ID="2187" ColName="Matr\195\173cula" PrevColName="" Pos="1" idDatatype="20" DatatypeParams="" Width="-1" Prec="-1" PrimaryKey="1" NotNull="1" AutoInc="0" IsForeignKey="0" DefaultValue="" Comments="">
<OPTIONSELECTED>
<OPTIONSELECT Value="0" />
</OPTIONSELECTED>
</COLUMN>
<COLUMN ID="2188" ColName="Modelo" PrevColName="" Pos="2" idDatatype="20" DatatypeParams="" Width="-1" Prec="-1" PrimaryKey="0" NotNull="0" AutoInc="0" IsForeignKey="0" DefaultValue="" Comments="">
<OPTIONSELECTED>
<OPTIONSELECT Value="0" />
</OPTIONSELECTED>
</COLUMN>
<COLUMN ID="2189" ColName="Cantidad Max. de Kilos" PrevColName="" Pos="3" idDatatype="20" DatatypeParams="" Width="-1" Prec="-1" PrimaryKey="0" NotNull="0" AutoInc="0" IsForeignKey="0" DefaultValue="" Comments="">
<OPTIONSELECTED>
<OPTIONSELECT Value="0" />
</OPTIONSELECTED>
</COLUMN>
</COLUMNS>
<RELATIONS_START>
<RELATION_START ID="2299" />
</RELATIONS_START>
<INDICES>
<INDEX ID="2186" IndexName="PRIMARY" IndexKind="0" FKRefDef_Obj_id="-1">
<INDEXCOLUMNS>
<INDEXCOLUMN idColumn="2187" LengthParam="0" />
</INDEXCOLUMNS>
</INDEX>
</INDICES>
</TABLE>
<TABLE ID="2190" Tablename="REPARTIDORES" PrevTableName="Table_31" XPos="1359" YPos="631" TableType="0" TablePrefix="0" nmTable="0" Temporary="0" UseStandardInserts="0" StandardInserts="\n" TableOptions="DelayKeyTblUpdates=0\nPackKeys=0\nRowChecksum=0\nRowFormat=0\nUseRaid=0\nRaidType=0\n" Comments="" Collapsed="0" IsLinkedObject="0" IDLinkedModel="-1" Obj_id_Linked="-1" OrderPos="62" >
<COLUMNS>
<COLUMN ID="2195" ColName="NIF" PrevColName="" Pos="2" idDatatype="20" DatatypeParams="" Width="-1" Prec="-1" PrimaryKey="1" NotNull="1" AutoInc="0" IsForeignKey="0" DefaultValue="" Comments="">
<OPTIONSELECTED>
<OPTIONSELECT Value="0" />
</OPTIONSELECTED>
</COLUMN>
<COLUMN ID="2194" ColName="Nombre" PrevColName="" Pos="1" idDatatype="20" DatatypeParams="" Width="-1" Prec="-1" PrimaryKey="0" NotNull="0" AutoInc="0" IsForeignKey="0" DefaultValue="" Comments="">
<OPTIONSELECTED>
<OPTIONSELECT Value="0" />
</OPTIONSELECTED>
</COLUMN>
<COLUMN ID="2196" ColName="Tel\195\169fono" PrevColName="" Pos="3" idDatatype="20" DatatypeParams="" Width="-1" Prec="-1" PrimaryKey="0" NotNull="0" AutoInc="0" IsForeignKey="0" DefaultValue="" Comments="">
<OPTIONSELECTED>
<OPTIONSELECT Value="0" />
</OPTIONSELECTED>
</COLUMN>
<COLUMN ID="2197" ColName="Apellidos" PrevColName="" Pos="4" idDatatype="20" DatatypeParams="" Width="-1" Prec="-1" PrimaryKey="0" NotNull="0" AutoInc="0" IsForeignKey="0" DefaultValue="" Comments="">
<OPTIONSELECTED>
<OPTIONSELECT Value="0" />
</OPTIONSELECTED>
</COLUMN>
</COLUMNS>
<RELATIONS_START>
<RELATION_START ID="2294" />
<RELATION_START ID="2300" />
</RELATIONS_START>
<INDICES>
<INDEX ID="2193" IndexName="PRIMARY" IndexKind="0" FKRefDef_Obj_id="-1">
<INDEXCOLUMNS>
<INDEXCOLUMN idColumn="2195" LengthParam="0" />
</INDEXCOLUMNS>
</INDEX>
</INDICES>
</TABLE>
<TABLE ID="1861" Tablename="INSPECCIONES" PrevTableName="Table_15" XPos="1497" YPos="1028" TableType="0" TablePrefix="0" nmTable="0" Temporary="0" UseStandardInserts="0" StandardInserts="\n" TableOptions="DelayKeyTblUpdates=0\nPackKeys=0\nRowChecksum=0\nRowFormat=0\nUseRaid=0\nRaidType=0\n" Comments="" Collapsed="0" IsLinkedObject="0" IDLinkedModel="-1" Obj_id_Linked="-1" OrderPos="28" >
<COLUMNS>
<COLUMN ID="1873" ColName="C\195\179digo" PrevColName="idINSPECCIONES" Pos="0" idDatatype="5" DatatypeParams="" Width="-1" Prec="-1" PrimaryKey="1" NotNull="1" AutoInc="1" IsForeignKey="0" DefaultValue="" Comments="">
<OPTIONSELECTED>
<OPTIONSELECT Value="1" />
<OPTIONSELECT Value="0" />
</OPTIONSELECTED>
</COLUMN>
<COLUMN ID="2293" ColName="T\196\134NICOS_NIF" PrevColName="" Pos="1" idDatatype="20" DatatypeParams="" Width="-1" Prec="-1" PrimaryKey="0" NotNull="1" AutoInc="0" IsForeignKey="1" DefaultValue="" Comments="">
<OPTIONSELECTED>
<OPTIONSELECT Value="0" />
</OPTIONSELECTED>
</COLUMN>
<COLUMN ID="2287" ColName="LOTES_Codigo" PrevColName="" Pos="1" idDatatype="5" DatatypeParams="" Width="-1" Prec="-1" PrimaryKey="0" NotNull="1" AutoInc="0" IsForeignKey="1" DefaultValue="" Comments="">
<OPTIONSELECTED>
<OPTIONSELECT Value="1" />
<OPTIONSELECT Value="0" />
</OPTIONSELECTED>
</COLUMN>
<COLUMN ID="2234" ColName="Resultado" PrevColName="Descripci\195\179n" Pos="1" idDatatype="20" DatatypeParams="" Width="-1" Prec="-1" PrimaryKey="0" NotNull="0" AutoInc="0" IsForeignKey="0" DefaultValue="" Comments="">
<OPTIONSELECTED>
<OPTIONSELECT Value="0" />
</OPTIONSELECTED>
</COLUMN>
<COLUMN ID="2291" ColName="Fecha" PrevColName="" Pos="3" idDatatype="14" DatatypeParams="" Width="-1" Prec="-1" PrimaryKey="0" NotNull="0" AutoInc="0" IsForeignKey="0" DefaultValue="" Comments="">
<OPTIONSELECTED>
</OPTIONSELECTED>
</COLUMN>
</COLUMNS>
<RELATIONS_START>
<RELATION_START ID="1925" />
</RELATIONS_START>
<RELATIONS_END>
<RELATION_END ID="2286" />
<RELATION_END ID="2292" />
</RELATIONS_END>
<INDICES>
<INDEX ID="1874" IndexName="PRIMARY" IndexKind="0" FKRefDef_Obj_id="-1">
<INDEXCOLUMNS>
<INDEXCOLUMN idColumn="1873" LengthParam="0" />
</INDEXCOLUMNS>
</INDEX>
</INDICES>
</TABLE>
<TABLE ID="2298" Tablename="CONDUCCIONES" PrevTableName="CAMIONES_has_REPARTIDORES" XPos="1029" YPos="529" TableType="0" TablePrefix="0" nmTable="1" Temporary="0" UseStandardInserts="0" StandardInserts="\n" TableOptions="DelayKeyTblUpdates=0\nPackKeys=0\nRowChecksum=0\nRowFormat=0\nUseRaid=0\nRaidType=0\n" Comments="" Collapsed="0" IsLinkedObject="0" IDLinkedModel="-1" Obj_id_Linked="-1" OrderPos="63" >
<COLUMNS>
<COLUMN ID="2301" ColName="CAMIONES_Matr\195\173cula" PrevColName="" Pos="1" idDatatype="20" DatatypeParams="" Width="-1" Prec="-1" PrimaryKey="1" NotNull="1" AutoInc="0" IsForeignKey="1" DefaultValue="" Comments="">
<OPTIONSELECTED>
<OPTIONSELECT Value="0" />
</OPTIONSELECTED>
</COLUMN>
<COLUMN ID="2310" ColName="REPARTIDORES_NIF" PrevColName="" Pos="1" idDatatype="20" DatatypeParams="" Width="-1" Prec="-1" PrimaryKey="1" NotNull="1" AutoInc="0" IsForeignKey="1" DefaultValue="" Comments="">
<OPTIONSELECTED>
<OPTIONSELECT Value="0" />
</OPTIONSELECTED>
</COLUMN>
<COLUMN ID="2305" ColName="Fecha Inicio" PrevColName="" Pos="2" idDatatype="14" DatatypeParams="" Width="-1" Prec="-1" PrimaryKey="0" NotNull="0" AutoInc="0" IsForeignKey="0" DefaultValue="" Comments="">
<OPTIONSELECTED>
</OPTIONSELECTED>
</COLUMN>
<COLUMN ID="2306" ColName="Fecha Fin" PrevColName="" Pos="3" idDatatype="5" DatatypeParams="" Width="-1" Prec="-1" PrimaryKey="0" NotNull="0" AutoInc="0" IsForeignKey="0" DefaultValue="" Comments="">
<OPTIONSELECTED>
<OPTIONSELECT Value="1" />
<OPTIONSELECT Value="0" />
</OPTIONSELECTED>
</COLUMN>
</COLUMNS>
<RELATIONS_END>
<RELATION_END ID="2299" />
<RELATION_END ID="2300" />
</RELATIONS_END>
<INDICES>
<INDEX ID="2303" IndexName="PRIMARY" IndexKind="0" FKRefDef_Obj_id="-1">
<INDEXCOLUMNS>
<INDEXCOLUMN idColumn="2301" LengthParam="0" />
<INDEXCOLUMN idColumn="2310" LengthParam="0" />
</INDEXCOLUMNS>
</INDEX>
</INDICES>
</TABLE>
<TABLE ID="1961" Tablename="COMPRADORES" PrevTableName="Table_22" XPos="2104" YPos="187" TableType="0" TablePrefix="0" nmTable="0" Temporary="0" UseStandardInserts="0" StandardInserts="\n" TableOptions="DelayKeyTblUpdates=0\nPackKeys=0\nRowChecksum=0\nRowFormat=0\nUseRaid=0\nRaidType=0\n" Comments="" Collapsed="0" IsLinkedObject="0" IDLinkedModel="-1" Obj_id_Linked="-1" OrderPos="45" >
<COLUMNS>
<COLUMN ID="1967" ColName="NIF" PrevColName="" Pos="3" idDatatype="20" DatatypeParams="" Width="-1" Prec="-1" PrimaryKey="1" NotNull="1" AutoInc="0" IsForeignKey="0" DefaultValue="" Comments="">
<OPTIONSELECTED>
<OPTIONSELECT Value="0" />
</OPTIONSELECTED>
</COLUMN>
<COLUMN ID="1965" ColName="Nombre" PrevColName="" Pos="1" idDatatype="20" DatatypeParams="" Width="-1" Prec="-1" PrimaryKey="0" NotNull="0" AutoInc="0" IsForeignKey="0" DefaultValue="" Comments="">
<OPTIONSELECTED>
<OPTIONSELECT Value="0" />
</OPTIONSELECTED>
</COLUMN>
<COLUMN ID="1966" ColName="Direcci\195\179n" PrevColName="" Pos="2" idDatatype="20" DatatypeParams="" Width="-1" Prec="-1" PrimaryKey="0" NotNull="0" AutoInc="0" IsForeignKey="0" DefaultValue="" Comments="">
<OPTIONSELECTED>
<OPTIONSELECT Value="0" />
</OPTIONSELECTED>
</COLUMN>
<COLUMN ID="1968" ColName="Cuota anual" PrevColName="" Pos="4" idDatatype="20" DatatypeParams="" Width="-1" Prec="-1" PrimaryKey="0" NotNull="0" AutoInc="0" IsForeignKey="0" DefaultValue="" Comments="">
<OPTIONSELECTED>
<OPTIONSELECT Value="0" />
</OPTIONSELECTED>
</COLUMN>
<COLUMN ID="2336" ColName="Tel\195\169fono" PrevColName="" Pos="6" idDatatype="20" DatatypeParams="" Width="-1" Prec="-1" PrimaryKey="0" NotNull="0" AutoInc="0" IsForeignKey="0" DefaultValue="" Comments="">
<OPTIONSELECTED>
<OPTIONSELECT Value="0" />
</OPTIONSELECTED>
</COLUMN>
</COLUMNS>
<RELATIONS_START>
<RELATION_START ID="2160" />
<RELATION_START ID="2169" />
<RELATION_START ID="2350" />
<RELATION_START ID="2386" />
<RELATION_START ID="2388" />
</RELATIONS_START>
<INDICES>
<INDEX ID="1964" IndexName="PRIMARY" IndexKind="0" FKRefDef_Obj_id="-1">
<INDEXCOLUMNS>
<INDEXCOLUMN idColumn="1967" LengthParam="0" />
</INDEXCOLUMNS>
</INDEX>
</INDICES>
</TABLE>
<TABLE ID="2348" Tablename="COMPRADORES A CREDITO" PrevTableName="Table_31" XPos="2171" YPos="404" TableType="0" TablePrefix="0" nmTable="0" Temporary="0" UseStandardInserts="0" StandardInserts="\n" TableOptions="DelayKeyTblUpdates=0\nPackKeys=0\nRowChecksum=0\nRowFormat=0\nUseRaid=0\nRaidType=0\n" Comments="" Collapsed="0" IsLinkedObject="0" IDLinkedModel="-1" Obj_id_Linked="-1" OrderPos="67" >
<COLUMNS>
<COLUMN ID="2351" ColName="COMPRADORES_NIF" PrevColName="" Pos="1" idDatatype="20" DatatypeParams="" Width="-1" Prec="-1" PrimaryKey="0" NotNull="1" AutoInc="0" IsForeignKey="1" DefaultValue="" Comments="">
<OPTIONSELECTED>
<OPTIONSELECT Value="0" />
</OPTIONSELECTED>
</COLUMN>
<COLUMN ID="2353" ColName="Cuenta corriente" PrevColName="" Pos="1" idDatatype="5" DatatypeParams="" Width="-1" Prec="-1" PrimaryKey="0" NotNull="0" AutoInc="0" IsForeignKey="0" DefaultValue="" Comments="">
<OPTIONSELECTED>
<OPTIONSELECT Value="1" />
<OPTIONSELECT Value="0" />
</OPTIONSELECTED>
</COLUMN>
</COLUMNS>
<RELATIONS_START>
<RELATION_START ID="2381" />
</RELATIONS_START>
<RELATIONS_END>
<RELATION_END ID="2350" />
</RELATIONS_END>
</TABLE>
<TABLE ID="2356" Tablename="PAGOS A CREDITO" PrevTableName="Table_32" XPos="2195" YPos="568" TableType="0" TablePrefix="0" nmTable="0" Temporary="0" UseStandardInserts="0" StandardInserts="\n" TableOptions="DelayKeyTblUpdates=0\nPackKeys=0\nRowChecksum=0\nRowFormat=0\nUseRaid=0\nRaidType=0\n" Comments="" Collapsed="0" IsLinkedObject="0" IDLinkedModel="-1" Obj_id_Linked="-1" OrderPos="69" >
<COLUMNS>
<COLUMN ID="2396" ColName="Codigo" PrevColName="" Pos="2" idDatatype="13" DatatypeParams="" Width="-1" Prec="-1" PrimaryKey="1" NotNull="1" AutoInc="0" IsForeignKey="0" DefaultValue="" Comments="">
<OPTIONSELECTED>
<OPTIONSELECT Value="0" />
</OPTIONSELECTED>
</COLUMN>
<COLUMN ID="2361" ColName="Fecha vencimiento" PrevColName="" Pos="1" idDatatype="14" DatatypeParams="" Width="-1" Prec="-1" PrimaryKey="0" NotNull="0" AutoInc="0" IsForeignKey="0" DefaultValue="" Comments="">
<OPTIONSELECTED>
</OPTIONSELECTED>
</COLUMN>
<COLUMN ID="2393" ColName="Cantidad" PrevColName="" Pos="2" idDatatype="20" DatatypeParams="" Width="-1" Prec="-1" PrimaryKey="0" NotNull="0" AutoInc="0" IsForeignKey="0" DefaultValue="" Comments="">
<OPTIONSELECTED>
<OPTIONSELECT Value="0" />
</OPTIONSELECTED>
</COLUMN>
</COLUMNS>
<RELATIONS_END>
<RELATION_END ID="2381" />
</RELATIONS_END>
<INDICES>
<INDEX ID="2397" IndexName="PRIMARY" IndexKind="0" FKRefDef_Obj_id="-1">
<INDEXCOLUMNS>
<INDEXCOLUMN idColumn="2396" LengthParam="0" />
</INDEXCOLUMNS>
</INDEX>
</INDICES>
</TABLE>
<TABLE ID="2364" Tablename="BARCOCUOTAS DE CAPTURA" PrevTableName="BARCOS_has_CONTENIDO CALADEROS" XPos="1905" YPos="1427" TableType="0" TablePrefix="0" nmTable="1" Temporary="0" UseStandardInserts="0" StandardInserts="\n" TableOptions="DelayKeyTblUpdates=0\nPackKeys=0\nRowChecksum=0\nRowFormat=0\nUseRaid=0\nRaidType=0\n" Comments="" Collapsed="0" IsLinkedObject="0" IDLinkedModel="-1" Obj_id_Linked="-1" OrderPos="70" >
<COLUMNS>
<COLUMN ID="2367" ColName="BARCOS_Matr\195\173cula" PrevColName="" Pos="1" idDatatype="20" DatatypeParams="" Width="-1" Prec="-1" PrimaryKey="1" NotNull="1" AutoInc="0" IsForeignKey="1" DefaultValue="" Comments="">
<OPTIONSELECTED>
<OPTIONSELECT Value="0" />
</OPTIONSELECTED>
</COLUMN>
<COLUMN ID="2375" ColName="Nombre especie" PrevColName="" Pos="1" idDatatype="20" DatatypeParams="" Width="-1" Prec="-1" PrimaryKey="1" NotNull="1" AutoInc="0" IsForeignKey="1" DefaultValue="" Comments="">
<OPTIONSELECTED>
<OPTIONSELECT Value="0" />
</OPTIONSELECTED>
</COLUMN>
<COLUMN ID="2377" ColName="Nombre caladero" PrevColName="" Pos="1" idDatatype="20" DatatypeParams="" Width="-1" Prec="-1" PrimaryKey="1" NotNull="1" AutoInc="0" IsForeignKey="1" DefaultValue="" Comments="">
<OPTIONSELECTED>
<OPTIONSELECT Value="0" />
</OPTIONSELECTED>
</COLUMN>
<COLUMN ID="2373" ColName="Cuota de captura asignada" PrevColName="" Pos="4" idDatatype="20" DatatypeParams="" Width="-1" Prec="-1" PrimaryKey="0" NotNull="0" AutoInc="0" IsForeignKey="0" DefaultValue="" Comments="">
<OPTIONSELECTED>
<OPTIONSELECT Value="0" />
</OPTIONSELECTED>
</COLUMN>
</COLUMNS>
<RELATIONS_END>
<RELATION_END ID="2365" />
<RELATION_END ID="2366" />
</RELATIONS_END>
<INDICES>
<INDEX ID="2371" IndexName="PRIMARY" IndexKind="0" FKRefDef_Obj_id="-1">
<INDEXCOLUMNS>
<INDEXCOLUMN idColumn="2367" LengthParam="0" />
<INDEXCOLUMN idColumn="2375" LengthParam="0" />
<INDEXCOLUMN idColumn="2377" LengthParam="0" />
</INDEXCOLUMNS>
</INDEX>
</INDICES>
</TABLE>
<TABLE ID="2398" Tablename="COMISION" PrevTableName="Table_32" XPos="1715" YPos="658" TableType="0" TablePrefix="0" nmTable="0" Temporary="0" UseStandardInserts="0" StandardInserts="\n" TableOptions="DelayKeyTblUpdates=0\nPackKeys=0\nRowChecksum=0\nRowFormat=0\nUseRaid=0\nRaidType=0\n" Comments="" Collapsed="0" IsLinkedObject="0" IDLinkedModel="-1" Obj_id_Linked="-1" OrderPos="66" >
<COLUMNS>
<COLUMN ID="2400" ColName="Codigo" PrevColName="" Pos="0" idDatatype="5" DatatypeParams="" Width="-1" Prec="-1" PrimaryKey="1" NotNull="1" AutoInc="1" IsForeignKey="0" DefaultValue="" Comments="">
<OPTIONSELECTED>
<OPTIONSELECT Value="1" />
<OPTIONSELECT Value="0" />
</OPTIONSELECTED>
</COLUMN>
<COLUMN ID="2403" ColName="Porcentaje de la comisi\195\179n" PrevColName="" Pos="1" idDatatype="20" DatatypeParams="" Width="-1" Prec="-1" PrimaryKey="0" NotNull="0" AutoInc="0" IsForeignKey="0" DefaultValue="" Comments="">
<OPTIONSELECTED>
<OPTIONSELECT Value="0" />
</OPTIONSELECTED>
</COLUMN>
<COLUMN ID="2404" ColName="Estado de la factura" PrevColName="" Pos="2" idDatatype="22" DatatypeParams="" Width="-1" Prec="-1" PrimaryKey="0" NotNull="0" AutoInc="0" IsForeignKey="0" DefaultValue="" Comments="">
<OPTIONSELECTED>
</OPTIONSELECTED>
</COLUMN>
</COLUMNS>
<RELATIONS_START>
<RELATION_START ID="2405" />
<RELATION_START ID="2407" />
</RELATIONS_START>
<INDICES>
<INDEX ID="2401" IndexName="PRIMARY" IndexKind="0" FKRefDef_Obj_id="-1">
<INDEXCOLUMNS>
<INDEXCOLUMN idColumn="2400" LengthParam="0" />
</INDEXCOLUMNS>
</INDEX>
</INDICES>
</TABLE>
</TABLES>
<RELATIONS>
<RELATION ID="1768" RelationName="Pertenecen" Kind="5" SrcTable="1736" DestTable="1729" FKFields="C\195\179digo=PUNTOS DE ATRAQUE_C\195\179digo\n" FKFieldsComments="\n" relDirection="2" MidOffset="0" OptionalStart="0" OptionalEnd="0" CaptionOffsetX="53" CaptionOffsetY="-28" StartIntervalOffsetX="0" StartIntervalOffsetY="0" EndIntervalOffsetX="0" EndIntervalOffsetY="0" CreateRefDef="1" Invisible="0" RefDef="Matching=0\nOnDelete=3\nOnUpdate=3\n" Comments="" FKRefDefIndex_Obj_id="-1" Splitted="0" IsLinkedObject="0" IDLinkedModel="-1" Obj_id_Linked="-1" OrderPos="20" />
<RELATION ID="1806" RelationName="Son de" Kind="2" SrcTable="1802" DestTable="1729" FKFields="NIF=ARMADORES_NIF\n" FKFieldsComments="\n" relDirection="3" MidOffset="0" OptionalStart="0" OptionalEnd="0" CaptionOffsetX="-38" CaptionOffsetY="-37" StartIntervalOffsetX="0" StartIntervalOffsetY="0" EndIntervalOffsetX="0" EndIntervalOffsetY="0" CreateRefDef="1" Invisible="0" RefDef="Matching=0\nOnDelete=3\nOnUpdate=3\n" Comments="" FKRefDefIndex_Obj_id="-1" Splitted="0" IsLinkedObject="0" IDLinkedModel="-1" Obj_id_Linked="-1" OrderPos="23" />
<RELATION ID="1816" RelationName="Puede ser" Kind="5" SrcTable="1798" DestTable="1811" FKFields="C\195\179digo=CUOTAS_C\195\179digo\n" FKFieldsComments="\n" relDirection="4" MidOffset="0" OptionalStart="0" OptionalEnd="0" CaptionOffsetX="-20" CaptionOffsetY="46" StartIntervalOffsetX="0" StartIntervalOffsetY="0" EndIntervalOffsetX="0" EndIntervalOffsetY="0" CreateRefDef="1" Invisible="0" RefDef="Matching=0\nOnDelete=3\nOnUpdate=3\n" Comments="" FKRefDefIndex_Obj_id="-1" Splitted="0" IsLinkedObject="0" IDLinkedModel="-1" Obj_id_Linked="-1" OrderPos="26" />
<RELATION ID="1818" RelationName="Pagan" Kind="2" SrcTable="1802" DestTable="1798" FKFields="NIF=ARMADORES_NIF\n" FKFieldsComments="\n" relDirection="4" MidOffset="0" OptionalStart="0" OptionalEnd="0" CaptionOffsetX="25" CaptionOffsetY="-56" StartIntervalOffsetX="0" StartIntervalOffsetY="0" EndIntervalOffsetX="0" EndIntervalOffsetY="0" CreateRefDef="1" Invisible="0" RefDef="Matching=0\nOnDelete=3\nOnUpdate=3\n" Comments="" FKRefDefIndex_Obj_id="-1" Splitted="0" IsLinkedObject="0" IDLinkedModel="-1" Obj_id_Linked="-1" OrderPos="27" />
<RELATION ID="1842" RelationName="Se obtienen de" Kind="2" SrcTable="1744" DestTable="1762" FKFields="Nombre cient\195\173fico=ESPECIES_Nombre cient\195\173fico\n" FKFieldsComments="\n" relDirection="4" MidOffset="0" OptionalStart="0" OptionalEnd="0" CaptionOffsetX="0" CaptionOffsetY="0" StartIntervalOffsetX="0" StartIntervalOffsetY="0" EndIntervalOffsetX="0" EndIntervalOffsetY="0" CreateRefDef="1" Invisible="0" RefDef="Matching=0\nOnDelete=3\nOnUpdate=3\n" Comments="" FKRefDefIndex_Obj_id="-1" Splitted="0" IsLinkedObject="0" IDLinkedModel="-1" Obj_id_Linked="-1" OrderPos="26" />
<RELATION ID="1844" RelationName="Pertenecen" Kind="2" SrcTable="1762" DestTable="1750" FKFields="C\195\179digo=CAPTURAS_C\195\179digo\n" FKFieldsComments="\n" relDirection="4" MidOffset="-30" OptionalStart="0" OptionalEnd="0" CaptionOffsetX="-42" CaptionOffsetY="-35" StartIntervalOffsetX="0" StartIntervalOffsetY="0" EndIntervalOffsetX="0" EndIntervalOffsetY="0" CreateRefDef="1" Invisible="0" RefDef="Matching=0\nOnDelete=3\nOnUpdate=3\n" Comments="" FKRefDefIndex_Obj_id="-1" Splitted="0" IsLinkedObject="0" IDLinkedModel="-1" Obj_id_Linked="-1" OrderPos="27" />
<RELATION ID="1915" RelationName="Pertenecen" Kind="2" SrcTable="1744" DestTable="1905" FKFields="Nombre cient\195\173fico=ESPECIES_Nombre cient\195\173fico\n" FKFieldsComments="\n" relDirection="3" MidOffset="116" OptionalStart="0" OptionalEnd="0" CaptionOffsetX="-6" CaptionOffsetY="-42" StartIntervalOffsetX="0" StartIntervalOffsetY="0" EndIntervalOffsetX="0" EndIntervalOffsetY="0" CreateRefDef="1" Invisible="0" RefDef="Matching=0\nOnDelete=3\nOnUpdate=3\n" Comments="" FKRefDefIndex_Obj_id="-1" Splitted="0" IsLinkedObject="0" IDLinkedModel="-1" Obj_id_Linked="-1" OrderPos="37" />
<RELATION ID="1917" RelationName="Pueden tener" Kind="2" SrcTable="1729" DestTable="1905" FKFields="Matr\195\173cula=BARCOS_Matr\195\173cula\n" FKFieldsComments="\n" relDirection="2" MidOffset="0" OptionalStart="0" OptionalEnd="0" CaptionOffsetX="-58" CaptionOffsetY="-32" StartIntervalOffsetX="0" StartIntervalOffsetY="0" EndIntervalOffsetX="0" EndIntervalOffsetY="0" CreateRefDef="1" Invisible="0" RefDef="Matching=0\nOnDelete=3\nOnUpdate=3\n" Comments="" FKRefDefIndex_Obj_id="-1" Splitted="0" IsLinkedObject="0" IDLinkedModel="-1" Obj_id_Linked="-1" OrderPos="38" />
<RELATION ID="1946" RelationName="Pertenecen" Kind="1" SrcTable="1729" DestTable="1945" FKFields="Matr\195\173cula=BARCOS_Matr\195\173cula\n" FKFieldsComments="\n" relDirection="1" MidOffset="0" OptionalStart="0" OptionalEnd="0" CaptionOffsetX="-46" CaptionOffsetY="-52" StartIntervalOffsetX="0" StartIntervalOffsetY="0" EndIntervalOffsetX="0" EndIntervalOffsetY="0" CreateRefDef="1" Invisible="0" RefDef="Matching=0\nOnDelete=3\nOnUpdate=3\n" Comments="" FKRefDefIndex_Obj_id="-1" Splitted="0" IsLinkedObject="0" IDLinkedModel="-1" Obj_id_Linked="-1" OrderPos="43" />
<RELATION ID="1947" RelationName="Pertenecen" Kind="1" SrcTable="1927" DestTable="1945" FKFields="Nombre=CALADEROS_Nombre\n" FKFieldsComments="\n" relDirection="4" MidOffset="0" OptionalStart="0" OptionalEnd="0" CaptionOffsetX="-49" CaptionOffsetY="-12" StartIntervalOffsetX="0" StartIntervalOffsetY="0" EndIntervalOffsetX="0" EndIntervalOffsetY="0" CreateRefDef="1" Invisible="0" RefDef="Matching=0\nOnDelete=3\nOnUpdate=3\n" Comments="" FKRefDefIndex_Obj_id="-1" Splitted="0" IsLinkedObject="0" IDLinkedModel="-1" Obj_id_Linked="-1" OrderPos="44" />
<RELATION ID="2032" RelationName="Pueden ser" Kind="5" SrcTable="1750" DestTable="1971" FKFields="Codigo=LOTES_Codigo\n" FKFieldsComments="\n" relDirection="1" MidOffset="0" OptionalStart="0" OptionalEnd="0" CaptionOffsetX="36" CaptionOffsetY="5" StartIntervalOffsetX="0" StartIntervalOffsetY="0" EndIntervalOffsetX="0" EndIntervalOffsetY="0" CreateRefDef="1" Invisible="0" RefDef="Matching=0\nOnDelete=3\nOnUpdate=3\n" Comments="" FKRefDefIndex_Obj_id="-1" Splitted="0" IsLinkedObject="0" IDLinkedModel="-1" Obj_id_Linked="-1" OrderPos="57" />
<RELATION ID="2040" RelationName="Tienen" Kind="2" SrcTable="1798" DestTable="1736" FKFields="C\195\179digo=CUOTAS_C\195\179digo\n" FKFieldsComments="\n" relDirection="4" MidOffset="0" OptionalStart="0" OptionalEnd="0" CaptionOffsetX="36" CaptionOffsetY="15" StartIntervalOffsetX="0" StartIntervalOffsetY="0" EndIntervalOffsetX="0" EndIntervalOffsetY="0" CreateRefDef="1" Invisible="0" RefDef="Matching=0\nOnDelete=3\nOnUpdate=3\n" Comments="" FKRefDefIndex_Obj_id="-1" Splitted="0" IsLinkedObject="0" IDLinkedModel="-1" Obj_id_Linked="-1" OrderPos="55" />
<RELATION ID="2108" RelationName="Son de" Kind="2" SrcTable="1945" DestTable="1762" FKFields="CALADEROS_Nombre=FAENAS_CALADEROS_Nombre\nBARCOS_Matr\195\173cula=FAENAS_BARCOS_Matr\195\173cula\n" FKFieldsComments="\n\n" relDirection="1" MidOffset="0" OptionalStart="0" OptionalEnd="0" CaptionOffsetX="44" CaptionOffsetY="-21" StartIntervalOffsetX="0" StartIntervalOffsetY="0" EndIntervalOffsetX="0" EndIntervalOffsetY="0" CreateRefDef="1" Invisible="0" RefDef="Matching=0\nOnDelete=3\nOnUpdate=3\n" Comments="" FKRefDefIndex_Obj_id="-1" Splitted="0" IsLinkedObject="0" IDLinkedModel="-1" Obj_id_Linked="-1" OrderPos="53" />
<RELATION ID="2112" RelationName="Pertenecen" Kind="1" SrcTable="1744" DestTable="2111" FKFields="Nombre cient\195\173fico=ESPECIES_Nombre cient\195\173fico\n" FKFieldsComments="\n" relDirection="3" MidOffset="0" OptionalStart="0" OptionalEnd="0" CaptionOffsetX="-10" CaptionOffsetY="-51" StartIntervalOffsetX="0" StartIntervalOffsetY="0" EndIntervalOffsetX="0" EndIntervalOffsetY="0" CreateRefDef="1" Invisible="0" RefDef="Matching=0\nOnDelete=3\nOnUpdate=3\n" Comments="" FKRefDefIndex_Obj_id="-1" Splitted="0" IsLinkedObject="0" IDLinkedModel="-1" Obj_id_Linked="-1" OrderPos="54" />
<RELATION ID="2113" RelationName="Pertenecen" Kind="1" SrcTable="1927" DestTable="2111" FKFields="Nombre=CALADEROS_Nombre\n" FKFieldsComments="\n" relDirection="2" MidOffset="0" OptionalStart="0" OptionalEnd="0" CaptionOffsetX="-46" CaptionOffsetY="-21" StartIntervalOffsetX="0" StartIntervalOffsetY="0" EndIntervalOffsetX="0" EndIntervalOffsetY="0" CreateRefDef="1" Invisible="0" RefDef="Matching=0\nOnDelete=3\nOnUpdate=3\n" Comments="" FKRefDefIndex_Obj_id="-1" Splitted="0" IsLinkedObject="0" IDLinkedModel="-1" Obj_id_Linked="-1" OrderPos="55" />
<RELATION ID="2084" RelationName="Se pescan en" Kind="1" SrcTable="1744" DestTable="2083" FKFields="Nombre cient\195\173fico=ESPECIES_Nombre cient\195\173fico\n" FKFieldsComments="\n" relDirection="2" MidOffset="0" OptionalStart="0" OptionalEnd="0" CaptionOffsetX="-5" CaptionOffsetY="5" StartIntervalOffsetX="0" StartIntervalOffsetY="0" EndIntervalOffsetX="0" EndIntervalOffsetY="0" CreateRefDef="1" Invisible="0" RefDef="Matching=0\nOnDelete=3\nOnUpdate=3\n" Comments="" FKRefDefIndex_Obj_id="-1" Splitted="0" IsLinkedObject="0" IDLinkedModel="-1" Obj_id_Linked="-1" OrderPos="54" />
<RELATION ID="2142" RelationName="Pertenece" Kind="1" SrcTable="1744" DestTable="2141" FKFields="Nombre cient\195\173fico=ESPECIES_Nombre cient\195\173fico\n" FKFieldsComments="\n" relDirection="2" MidOffset="0" OptionalStart="0" OptionalEnd="0" CaptionOffsetX="48" CaptionOffsetY="-20" StartIntervalOffsetX="0" StartIntervalOffsetY="0" EndIntervalOffsetX="0" EndIntervalOffsetY="0" CreateRefDef="1" Invisible="0" RefDef="Matching=0\nOnDelete=3\nOnUpdate=3\n" Comments="" FKRefDefIndex_Obj_id="-1" Splitted="0" IsLinkedObject="0" IDLinkedModel="-1" Obj_id_Linked="-1" OrderPos="58" />
<RELATION ID="2143" RelationName="Pertenece" Kind="1" SrcTable="2139" DestTable="2141" FKFields="Direcci\195\179n=PESCADER\195\141AS_Direcci\195\179n\n" FKFieldsComments="\n" relDirection="2" MidOffset="0" OptionalStart="0" OptionalEnd="0" CaptionOffsetX="45" CaptionOffsetY="-39" StartIntervalOffsetX="0" StartIntervalOffsetY="0" EndIntervalOffsetX="0" EndIntervalOffsetY="0" CreateRefDef="1" Invisible="0" RefDef="Matching=0\nOnDelete=3\nOnUpdate=3\n" Comments="" FKRefDefIndex_Obj_id="-1" Splitted="0" IsLinkedObject="0" IDLinkedModel="-1" Obj_id_Linked="-1" OrderPos="59" />
<RELATION ID="2181" RelationName="Pueden ser" Kind="5" SrcTable="1971" DestTable="2174" FKFields="" FKFieldsComments="" relDirection="4" MidOffset="0" OptionalStart="0" OptionalEnd="0" CaptionOffsetX="-41" CaptionOffsetY="-6" StartIntervalOffsetX="0" StartIntervalOffsetY="0" EndIntervalOffsetX="0" EndIntervalOffsetY="0" CreateRefDef="1" Invisible="0" RefDef="Matching=0\nOnDelete=3\nOnUpdate=3\n" Comments="" FKRefDefIndex_Obj_id="-1" Splitted="0" IsLinkedObject="0" IDLinkedModel="-1" Obj_id_Linked="-1" OrderPos="60" />
<RELATION ID="1925" RelationName="Pueden generar" Kind="5" SrcTable="1861" DestTable="1867" FKFields="C\195\179digo=INSPECCIONES_C\195\179digo\n" FKFieldsComments="\n" relDirection="2" MidOffset="0" OptionalStart="0" OptionalEnd="0" CaptionOffsetX="-55" CaptionOffsetY="-26" StartIntervalOffsetX="0" StartIntervalOffsetY="0" EndIntervalOffsetX="0" EndIntervalOffsetY="0" CreateRefDef="1" Invisible="0" RefDef="Matching=0\nOnDelete=3\nOnUpdate=3\n" Comments="" FKRefDefIndex_Obj_id="-1" Splitted="0" IsLinkedObject="0" IDLinkedModel="-1" Obj_id_Linked="-1" OrderPos="38" />
<RELATION ID="2286" RelationName="Pueden ser" Kind="5" SrcTable="1750" DestTable="1861" FKFields="Codigo=LOTES_Codigo\n" FKFieldsComments="\n" relDirection="3" MidOffset="43" OptionalStart="0" OptionalEnd="0" CaptionOffsetX="0" CaptionOffsetY="0" StartIntervalOffsetX="0" StartIntervalOffsetY="0" EndIntervalOffsetX="0" EndIntervalOffsetY="0" CreateRefDef="1" Invisible="0" RefDef="Matching=0\nOnDelete=3\nOnUpdate=3\n" Comments="" FKRefDefIndex_Obj_id="-1" Splitted="0" IsLinkedObject="0" IDLinkedModel="-1" Obj_id_Linked="-1" OrderPos="67" />
<RELATION ID="2292" RelationName="Realizan" Kind="2" SrcTable="1863" DestTable="1861" FKFields="NIF=T\196\134NICOS_NIF\n" FKFieldsComments="\n" relDirection="2" MidOffset="0" OptionalStart="0" OptionalEnd="0" CaptionOffsetX="0" CaptionOffsetY="0" StartIntervalOffsetX="0" StartIntervalOffsetY="0" EndIntervalOffsetX="0" EndIntervalOffsetY="0" CreateRefDef="1" Invisible="0" RefDef="Matching=0\nOnDelete=3\nOnUpdate=3\n" Comments="" FKRefDefIndex_Obj_id="-1" Splitted="0" IsLinkedObject="0" IDLinkedModel="-1" Obj_id_Linked="-1" OrderPos="65" />
<RELATION ID="2294" RelationName="Realizan" Kind="2" SrcTable="2190" DestTable="2174" FKFields="NIF=REPARTIDORES_NIF\n" FKFieldsComments="\n" relDirection="1" MidOffset="0" OptionalStart="0" OptionalEnd="0" CaptionOffsetX="-34" CaptionOffsetY="-2" StartIntervalOffsetX="0" StartIntervalOffsetY="0" EndIntervalOffsetX="0" EndIntervalOffsetY="0" CreateRefDef="1" Invisible="0" RefDef="Matching=0\nOnDelete=3\nOnUpdate=3\n" Comments="" FKRefDefIndex_Obj_id="-1" Splitted="0" IsLinkedObject="0" IDLinkedModel="-1" Obj_id_Linked="-1" OrderPos="63" />
<RELATION ID="2299" RelationName="Conducen" Kind="1" SrcTable="2183" DestTable="2298" FKFields="Matr\195\173cula=CAMIONES_Matr\195\173cula\n" FKFieldsComments="\n" relDirection="3" MidOffset="0" OptionalStart="0" OptionalEnd="0" CaptionOffsetX="43" CaptionOffsetY="-6" StartIntervalOffsetX="0" StartIntervalOffsetY="0" EndIntervalOffsetX="0" EndIntervalOffsetY="0" CreateRefDef="1" Invisible="0" RefDef="Matching=0\nOnDelete=3\nOnUpdate=3\n" Comments="" FKRefDefIndex_Obj_id="-1" Splitted="0" IsLinkedObject="0" IDLinkedModel="-1" Obj_id_Linked="-1" OrderPos="64" />
<RELATION ID="2300" RelationName="Conducen" Kind="1" SrcTable="2190" DestTable="2298" FKFields="NIF=REPARTIDORES_NIF\n" FKFieldsComments="\n" relDirection="4" MidOffset="0" OptionalStart="0" OptionalEnd="0" CaptionOffsetX="-35" CaptionOffsetY="-9" StartIntervalOffsetX="0" StartIntervalOffsetY="0" EndIntervalOffsetX="0" EndIntervalOffsetY="0" CreateRefDef="1" Invisible="0" RefDef="Matching=0\nOnDelete=3\nOnUpdate=3\n" Comments="" FKRefDefIndex_Obj_id="-1" Splitted="0" IsLinkedObject="0" IDLinkedModel="-1" Obj_id_Linked="-1" OrderPos="65" />
<RELATION ID="2160" RelationName="Pertenecen" Kind="2" SrcTable="1961" DestTable="1985" FKFields="NIF=COMPRADORES_NIF\n" FKFieldsComments="\n" relDirection="2" MidOffset="0" OptionalStart="0" OptionalEnd="0" CaptionOffsetX="-13" CaptionOffsetY="23" StartIntervalOffsetX="0" StartIntervalOffsetY="0" EndIntervalOffsetX="0" EndIntervalOffsetY="0" CreateRefDef="1" Invisible="0" RefDef="Matching=0\nOnDelete=3\nOnUpdate=3\n" Comments="" FKRefDefIndex_Obj_id="-1" Splitted="0" IsLinkedObject="0" IDLinkedModel="-1" Obj_id_Linked="-1" OrderPos="58" />
<RELATION ID="2169" RelationName="Disponen" Kind="2" SrcTable="1961" DestTable="1991" FKFields="NIF=COMPRADORES_NIF\n" FKFieldsComments="\n" relDirection="2" MidOffset="0" OptionalStart="0" OptionalEnd="0" CaptionOffsetX="-6" CaptionOffsetY="10" StartIntervalOffsetX="0" StartIntervalOffsetY="0" EndIntervalOffsetX="0" EndIntervalOffsetY="0" CreateRefDef="1" Invisible="0" RefDef="Matching=0\nOnDelete=3\nOnUpdate=3\n" Comments="" FKRefDefIndex_Obj_id="-1" Splitted="0" IsLinkedObject="0" IDLinkedModel="-1" Obj_id_Linked="-1" OrderPos="58" />
<RELATION ID="2350" RelationName="Pueden ser" Kind="5" SrcTable="1961" DestTable="2348" FKFields="NIF=COMPRADORES_NIF\n" FKFieldsComments="\n" relDirection="3" MidOffset="0" OptionalStart="0" OptionalEnd="0" CaptionOffsetX="-41" CaptionOffsetY="-2" StartIntervalOffsetX="0" StartIntervalOffsetY="0" EndIntervalOffsetX="0" EndIntervalOffsetY="0" CreateRefDef="1" Invisible="0" RefDef="Matching=0\nOnDelete=3\nOnUpdate=3\n" Comments="" FKRefDefIndex_Obj_id="-1" Splitted="0" IsLinkedObject="0" IDLinkedModel="-1" Obj_id_Linked="-1" OrderPos="68" />
<RELATION ID="2365" RelationName="Tienen" Kind="1" SrcTable="1729" DestTable="2364" FKFields="Matr\195\173cula=BARCOS_Matr\195\173cula\n" FKFieldsComments="\n" relDirection="2" MidOffset="0" OptionalStart="0" OptionalEnd="0" CaptionOffsetX="-27" CaptionOffsetY="-50" StartIntervalOffsetX="0" StartIntervalOffsetY="0" EndIntervalOffsetX="0" EndIntervalOffsetY="0" CreateRefDef="1" Invisible="0" RefDef="Matching=0\nOnDelete=3\nOnUpdate=3\n" Comments="" FKRefDefIndex_Obj_id="-1" Splitted="0" IsLinkedObject="0" IDLinkedModel="-1" Obj_id_Linked="-1" OrderPos="71" />
<RELATION ID="2366" RelationName="Tienen" Kind="1" SrcTable="2111" DestTable="2364" FKFields="ESPECIES_Nombre cient\195\173fico=Nombre especie\nCALADEROS_Nombre=Nombre caladero\n" FKFieldsComments="\n\n" relDirection="4" MidOffset="0" OptionalStart="0" OptionalEnd="0" CaptionOffsetX="-36" CaptionOffsetY="-23" StartIntervalOffsetX="0" StartIntervalOffsetY="0" EndIntervalOffsetX="0" EndIntervalOffsetY="0" CreateRefDef="1" Invisible="0" RefDef="Matching=0\nOnDelete=3\nOnUpdate=3\n" Comments="" FKRefDefIndex_Obj_id="-1" Splitted="0" IsLinkedObject="0" IDLinkedModel="-1" Obj_id_Linked="-1" OrderPos="72" />
<RELATION ID="2381" RelationName="Realizan" Kind="2" SrcTable="2348" DestTable="2356" FKFields="" FKFieldsComments="" relDirection="3" MidOffset="0" OptionalStart="0" OptionalEnd="0" CaptionOffsetX="36" CaptionOffsetY="-1" StartIntervalOffsetX="0" StartIntervalOffsetY="0" EndIntervalOffsetX="0" EndIntervalOffsetY="0" CreateRefDef="1" Invisible="0" RefDef="Matching=0\nOnDelete=3\nOnUpdate=3\n" Comments="" FKRefDefIndex_Obj_id="-1" Splitted="0" IsLinkedObject="0" IDLinkedModel="-1" Obj_id_Linked="-1" OrderPos="69" />
<RELATION ID="2382" RelationName="Tienen" Kind="2" SrcTable="2015" DestTable="1971" FKFields="C\195\179digo=FACTURAS_C\195\179digo\n" FKFieldsComments="\n" relDirection="4" MidOffset="0" OptionalStart="0" OptionalEnd="0" CaptionOffsetX="40" CaptionOffsetY="-43" StartIntervalOffsetX="0" StartIntervalOffsetY="0" EndIntervalOffsetX="0" EndIntervalOffsetY="0" CreateRefDef="1" Invisible="0" RefDef="Matching=0\nOnDelete=3\nOnUpdate=3\n" Comments="" FKRefDefIndex_Obj_id="-1" Splitted="0" IsLinkedObject="0" IDLinkedModel="-1" Obj_id_Linked="-1" OrderPos="68" />
<RELATION ID="2386" RelationName="Compran" Kind="2" SrcTable="1961" DestTable="1971" FKFields="NIF=COMPRADORES_NIF\n" FKFieldsComments="\n" relDirection="4" MidOffset="0" OptionalStart="0" OptionalEnd="0" CaptionOffsetX="-33" CaptionOffsetY="-24" StartIntervalOffsetX="0" StartIntervalOffsetY="0" EndIntervalOffsetX="0" EndIntervalOffsetY="0" CreateRefDef="1" Invisible="0" RefDef="Matching=0\nOnDelete=3\nOnUpdate=3\n" Comments="" FKRefDefIndex_Obj_id="-1" Splitted="0" IsLinkedObject="0" IDLinkedModel="-1" Obj_id_Linked="-1" OrderPos="67" />
<RELATION ID="2388" RelationName="Reciben" Kind="2" SrcTable="1961" DestTable="2174" FKFields="NIF=COMPRADORES_NIF\n" FKFieldsComments="\n" relDirection="4" MidOffset="0" OptionalStart="0" OptionalEnd="0" CaptionOffsetX="36" CaptionOffsetY="-25" StartIntervalOffsetX="0" StartIntervalOffsetY="0" EndIntervalOffsetX="0" EndIntervalOffsetY="0" CreateRefDef="1" Invisible="0" RefDef="Matching=0\nOnDelete=3\nOnUpdate=3\n" Comments="" FKRefDefIndex_Obj_id="-1" Splitted="0" IsLinkedObject="0" IDLinkedModel="-1" Obj_id_Linked="-1" OrderPos="67" />
<RELATION ID="2405" RelationName="Obtienen" Kind="5" SrcTable="2398" DestTable="1750" FKFields="Codigo=COMISION_Codigo\n" FKFieldsComments="\n" relDirection="4" MidOffset="0" OptionalStart="0" OptionalEnd="0" CaptionOffsetX="-35" CaptionOffsetY="-37" StartIntervalOffsetX="0" StartIntervalOffsetY="0" EndIntervalOffsetX="0" EndIntervalOffsetY="0" CreateRefDef="1" Invisible="0" RefDef="Matching=0\nOnDelete=3\nOnUpdate=3\n" Comments="" FKRefDefIndex_Obj_id="-1" Splitted="0" IsLinkedObject="0" IDLinkedModel="-1" Obj_id_Linked="-1" OrderPos="67" />
<RELATION ID="2407" RelationName="Pertenecen" Kind="2" SrcTable="2398" DestTable="2015" FKFields="Codigo=COMISION_Codigo\n" FKFieldsComments="\n" relDirection="2" MidOffset="0" OptionalStart="0" OptionalEnd="0" CaptionOffsetX="-47" CaptionOffsetY="-27" StartIntervalOffsetX="0" StartIntervalOffsetY="0" EndIntervalOffsetX="0" EndIntervalOffsetY="0" CreateRefDef="1" Invisible="0" RefDef="Matching=0\nOnDelete=3\nOnUpdate=3\n" Comments="" FKRefDefIndex_Obj_id="-1" Splitted="0" IsLinkedObject="0" IDLinkedModel="-1" Obj_id_Linked="-1" OrderPos="68" />
</RELATIONS>
<NOTES>
</NOTES>
<IMAGES>
</IMAGES>
</METADATA>
<PLUGINDATA>
<PLUGINDATARECORDS>
</PLUGINDATARECORDS>
</PLUGINDATA>
<QUERYDATA>
<QUERYRECORDS>
</QUERYRECORDS>
</QUERYDATA>
<LINKEDMODELS>
</LINKEDMODELS>
</DBMODEL>
